id,device,phase,batch,channel,start_s,acc_rms_g,mean_mV,std_mV,detrended_std_mV,span95_mV,peak_to_peak_mV,slope_mV_min,step_rms_mV,slow_rms_mV,signal_rms_mV,fast_rms_mV,edge_rms_mV,line33_rms_mV,fast_ppm,line33_fraction_pct,fast_excluding33_rms_mV,dominant_fast_Hz,top_peaks_Hz
0915_论文腕表_佩戴静息,论文腕表,佩戴静息,0915,Ut1,0.0,0.0031964469043227603,1644.4384773499999,0.27709430938756335,0.27672434093359105,1.129643223820028,2.1362300000000687,-0.2973657668511566,0.19601896867670737,0.19369156801694112,0.12739292761275392,0.17170579062040314,0.041608279870141915,0.032151233727490576,104.41606237352565,3.506108906759281,0.1686688373777978,40.0,"40.0,20.0,19.5,29.3,9.8"
0915_论文腕表_佩戴静息,论文腕表,佩戴静息,0915,Ut2,0.0,0.0031964469043227603,1463.72665435,1.2803011880393194,0.1964849188066969,0.7823020494243678,5.340580000000045,-26.2821849195893,0.1656603628114075,0.022605852822661893,0.12338294034017497,0.13966889909380167,0.042695066454977615,0.033876854107192954,95.42006950459252,5.883106735709338,0.135498192349103,22.6,"22.6,37.5,18.0,42.0,41.0"
0915_论文腕表_佩戴静息,论文腕表,佩戴静息,0915,Uc1,0.0,0.0031964469043227603,851.9647225900001,0.13250579098584117,0.12966534650911546,0.45673916611767373,0.6561319999999569,0.5643737137706463,0.08903929094879076,0.0898367193865686,0.10258262061515595,,,,,,,,
0915_论文腕表_佩戴静息,论文腕表,佩戴静息,0915,Uc2,0.0,0.0031964469043227603,758.6410522200001,0.6420115941573598,0.09187392936394106,0.3500553219903366,2.380374000000188,-13.141079323128599,0.07523112549491227,0.020685313861789466,0.08905258929974454,,,,,,,,
0915_论文腕表_佩戴静息,论文腕表,佩戴静息,0915,Ut1,10.0,0.0031204458557640225,1644.21241818,0.22168624785396948,0.21634521143553365,0.9093593118473904,1.6784700000000612,-1.0048245923373862,0.18822496684630374,0.03939120470121668,0.11792078464242038,0.15819461264869883,0.041860577584057604,0.031502844093995654,96.21300198170653,3.9656661379245617,0.15502614710125923,40.0,"40.0,20.0,19.5,33.3,38.0"
0915_论文腕表_佩戴静息,论文腕表,佩戴静息,0915,Ut2,10.0,0.0031204458557640225,1459.64965802,1.0789148991268178,0.2188590356019797,0.8943471386176383,4.882809999999836,-21.947632967392533,0.18084415029354667,0.04291480417664406,0.13406054807035578,0.17943620246832975,0.0607767683691632,0.042336742436053086,122.93100709641048,5.5669168984298,0.1743701551188125,39.0,"39.0,19.5,42.5,21.9,33.3"
0915_论文腕表_佩戴静息,论文腕表,佩戴静息,0915,Uc1,10.0,0.0031204458557640225,851.9257352,0.10458033200422723,0.10429750542217263,0.4595917848532195,0.5798320000000103,-0.15895986318685087,0.08888749055392635,0.024679503289767347,0.10440943613800206,,,,,,,,
0915_论文腕表_佩戴静息,论文腕表,佩戴静息,0915,Uc2,10.0,0.0031204458557640225,756.5687567599997,0.542209054187415,0.08859085575938042,0.3539028833663393,1.8920899999998255,-11.062982682266577,0.0726624764915065,0.03585414439629772,0.08563552925643746,,,,,,,,
0915_论文腕表_佩戴静息,论文腕表,佩戴静息,0915,Ut1,20.0,0.002994091259944837,1644.13200435,0.23192824744808377,0.22285347889221976,0.9556573625482598,1.6784700000000612,-1.3345784763024455,0.18581053851335258,0.06761928913472118,0.1229261834558589,0.16688655495361485,0.04607745351688149,0.03701504732592858,101.5043527600405,4.919420185323831,0.16272986356457494,40.0,"40.0,20.0,18.0,33.3,38.0"
0915_论文腕表_佩戴静息,论文腕表,佩戴静息,0915,Ut2,20.0,0.002994091259944837,1456.4025114700003,0.8771761209268516,0.21071537733407944,0.8486846078200982,5.645750000000135,-17.689066423671804,0.1812063853623737,0.012686398908630303,0.11956180275390076,0.14819720636407116,0.05055681787216948,0.04051456478108377,101.75566520720312,7.473814630812059,0.14255168190770132,19.5,"19.5,39.0,33.3,42.0,41.4"
0915_论文腕表_佩戴静息,论文腕表,佩戴静息,0915,Uc1,20.0,0.002994091259944837,851.95678721,0.12412397974070238,0.1232708655399672,0.5185754136738066,0.7781949999998687,-0.3004554563489798,0.10327598858727663,0.042483503490267485,0.11632693264448593,,,,,,,,
0915_论文腕表_佩戴静息,论文腕表,佩戴静息,0915,Uc2,20.0,0.002994091259944837,754.9363705399999,0.43481684598388,0.09566298179739131,0.383361752469787,1.5563960000000634,-8.772310761473886,0.08438806433042954,0.026341958215367,0.08857341943675691,,,,,,,,
0915_论文腕表_佩戴静息,论文腕表,佩戴静息,0915,Ut1,30.0,0.0030687553431442867,1644.6842957899999,0.4650843509445004,0.23820725868533993,1.0176122522113757,2.288819999999987,8.298276022715681,0.1913180227675499,0.09978540140520914,0.13394717236799447,0.17428463225201296,0.05421588894157792,0.03891976954724865,105.96844190592694,4.986804369400288,0.1698834440950867,20.0,"20.0,40.0,39.0,33.3,38.0"
0915_论文腕表_佩戴静息,论文腕表,佩戴静息,0915,Ut2,30.0,0.0030687553431442867,1453.67431638,0.7594109396848386,0.20063707109469917,0.853371915663655,3.662109999999984,-15.215609529216852,0.17129690627240965,0.017498982718991734,0.11387333740357503,0.14514442462537994,0.04239812648407505,0.03961311471535192,99.84659080090553,7.448644838672546,0.13963418328754948,33.300000000000004,"33.3,41.4,17.5,29.3,6.7"
0915_论文腕表_佩戴静息,论文腕表,佩戴静息,0915,Uc1,30.0,0.0030687553431442867,852.31346184,0.23741769359697915,0.11190719356806958,0.43815415668011604,0.892641000000026,4.330479431144488,0.08665153104426622,0.07445647244910973,0.08823165405915742,,,,,,,,
0915_论文腕表_佩戴静息,论文腕表,佩戴静息,0915,Uc2,30.0,0.0030687553431442867,753.5618594800002,0.36435821093623094,0.09828104290040489,0.3685866711880919,1.4495879999999488,-7.256149645365637,0.08117773207553541,0.04026116688793276,0.09881705046430321,,,,,,,,
0915_论文腕表_佩戴静息,论文腕表,佩戴静息,0915,Ut1,40.0,0.0031678411706083645,1645.69930998,0.33410393997033266,0.2160077211668759,0.9190035869585415,1.9073499999999513,5.295027945749704,0.19273687904041595,0.017954248176218664,0.12203942514032744,0.16572944695070888,0.03679704075460893,0.03846612783382594,100.70457339665711,5.387131526143163,0.16120361843351902,40.0,"40.0,20.0,19.5,21.0,33.3"
0915_论文腕表_佩戴静息,论文腕表,佩戴静息,0915,Ut2,40.0,0.0031678411706083645,1451.1785126200002,0.7581833208018157,0.22125843041617974,0.9727108221591947,4.196170000000166,-15.065061528016084,0.20358670697691772,0.0263458974818634,0.11033468403556988,0.17586920540174306,0.05406067360174257,0.05448499733486739,121.1906074079223,9.597856782627993,0.16721651376003502,33.300000000000004,"33.3,39.0,19.5,41.4,37.5"
0915_论文腕表_佩戴静息,论文腕表,佩戴静息,0915,Uc1,40.0,0.0031678411706083645,852.91381795,0.18087745649734716,0.105913501358847,0.46767798953961787,0.9384229999999434,3.03242563816543,0.09435783677547334,0.02770003329939312,0.09863310122643272,,,,,,,,
0915_论文腕表_佩戴静息,论文腕表,佩戴静息,0915,Uc2,40.0,0.0031678411706083645,752.2792047599999,0.3746650758461649,0.09250167219843285,0.3544369249821584,1.4038079999999127,-7.508747333932541,0.08176243768963326,0.011439511345397686,0.09490144271617537,,,,,,,,
0915_论文腕表_佩戴静息,论文腕表,佩戴静息,0915,Ut1,50.0,0.003033319636608124,1647.45162961,0.6480117558222429,0.2736302790926987,1.102964473869525,3.2806399999999485,12.202902694781379,0.19290278056848012,0.16273690985665593,0.12758895154123712,0.16304725052261954,0.04060916695148488,0.048565615715071876,98.96937038522799,8.872190104196106,0.1556463519431208,40.0,"40.0,20.0,33.3,19.8,38.0"
0915_论文腕表_佩戴静息,论文腕表,佩戴静息,0915,Ut2,50.0,0.003033319636608124,1449.18602014,0.5400543424439515,0.1946457632404851,0.8699989209077952,3.051759999999831,-10.465173817173433,0.17369530263181215,0.013790145603743911,0.1126600478612345,0.1501915639414719,0.04133565243718426,0.05434889043910865,103.63856803349684,13.094541159746885,0.1400132279008773,33.300000000000004,"33.3,19.5,29.3,9.8,48.8"
0915_论文腕表_佩戴静息,论文腕表,佩戴静息,0915,Uc1,50.0,0.003033319636608124,853.8890843900001,0.3629300581258644,0.1472392666162731,0.5994648410215829,1.3504019999998036,6.860474581458513,0.1106151680312819,0.09049442959271317,0.12655987866656873,,,,,,,,
0915_论文腕表_佩戴静息,论文腕表,佩戴静息,0915,Uc2,50.0,0.003033319636608124,751.2907417199999,0.2671499107480385,0.10995448119681421,0.4511057990148031,1.0681160000000318,-5.035376388839083,0.08874840559068925,0.04699604180755068,0.1143767037676762,,,,,,,,
0915_论文腕表_稳定静置,论文腕表,稳定静置,0915,Ut1,0.0,0.0012603645091243843,1288.80905132,0.5273128416747097,0.4762020104676083,1.8396718785089547,3.0517499999998563,4.70482212634587,0.43499288310632733,0.2825803146605576,0.1548261347830061,0.3593472901225744,0.059103209808916125,0.3202918565135807,278.8212029970851,79.44435534192286,0.1629220720759513,33.300000000000004,"33.3,20.0,26.7,39.0,6.7"
0915_论文腕表_稳定静置,论文腕表,稳定静置,0915,Ut2,0.0,0.0012603645091243843,1149.07386726,0.42182861298568525,0.4177205039696238,1.619868113727341,3.2043499999999767,-1.2200253908288219,0.2828826672177198,0.34546357212151296,0.1350574591526804,0.23108847321584877,0.05157813269693202,0.17699610751365707,201.10845768939637,58.663890926358164,0.14857409053481027,33.300000000000004,"33.3,26.7,40.0,6.7,19.8"
0915_论文腕表_稳定静置,论文腕表,稳定静置,0915,Uc1,0.0,0.0012603645091243843,669.7361758400001,0.24314718163212484,0.20886691941289007,0.7307763223221995,1.144416000000092,2.5744190819084998,0.16229746590090877,0.14937991107979331,0.1479744450112487,,,,,,,,
0915_论文腕表_稳定静置,论文腕表,稳定静置,0915,Uc2,0.0,0.0012603645091243843,597.16445923,0.22016554485966233,0.21769366505555865,0.837861209796986,1.0833789999999226,-0.6803965544569174,0.15739530144589817,0.16756625339176565,0.14556983103781473,,,,,,,,
0915_论文腕表_稳定静置,论文腕表,稳定静置,0915,Ut1,10.0,0.0012430439698758965,1288.7591551700002,0.7634563904723868,0.439770010064257,1.7208859651794115,3.509520000000066,-12.964647824612051,0.42272771210412485,0.15942962911408254,0.12528058839930536,0.360813979307603,0.07095558981321254,0.3148255643361052,279.97006101579007,76.1330572925345,0.1762713581505522,33.300000000000004,"33.3,20.0,26.7,6.7,29.3"
0915_论文腕表_稳定静置,论文腕表,稳定静置,0915,Ut2,10.0,0.0012430439698758965,1149.46731561,0.3439455402881544,0.2767423797425626,1.0721441490990622,2.7465799999999945,4.242836832710532,0.2648406882388836,0.10678702042922279,0.09630019788438532,0.20961006313039648,0.04737602592435446,0.15704730128773492,182.3540872227067,56.13538404166775,0.1388255153916895,33.300000000000004,"33.3,40.0,6.7,26.7,20.0"
0915_论文腕表_稳定静置,论文腕表,稳定静置,0915,Uc1,10.0,0.0012430439698758965,669.7883606400001,0.37428091489432186,0.19307009005067924,0.7543441665904225,1.571649999999977,-6.631307535553585,0.18441085571043186,0.06048492187921312,0.16194430735925794,,,,,,,,
0915_论文腕表_稳定静置,论文腕表,稳定静置,0915,Uc2,10.0,0.0012430439698758965,597.3600777099999,0.19004873331109792,0.15469418570441396,0.5590171776963984,0.831602000000089,2.2832396939694544,0.14851063471094308,0.06439900337577738,0.15626858591243847,,,,,,,,
0915_论文腕表_稳定静置,论文腕表,稳定静置,0915,Ut1,20.0,0.001254104567581683,1288.47534165,0.4821361478823934,0.4255567212052327,1.6986461687120424,2.89917000000014,4.707860305104944,0.36874844363188014,0.27307090977211307,0.1325391053176609,0.3168175433282614,0.055335253870360514,0.27520216598578984,245.88560842968877,75.45451837232825,0.15696217250434757,33.300000000000004,"33.3,20.0,29.3,48.8,39.1"
0915_论文腕表_稳定静置,论文腕表,稳定静置,0915,Ut2,20.0,0.001254104567581683,1149.73220849,0.3208958463957596,0.31346491584189,1.1940633003604604,2.517699999999877,1.4263121840244566,0.3100392492993548,0.08429852701558031,0.16780305564645875,0.26715369541321266,0.06087403305346804,0.20269726257720902,232.36166947438898,57.56697318506142,0.17402562086268097,33.300000000000004,"33.3,40.0,6.7,26.7,20.0"
0915_论文腕表_稳定静置,论文腕表,稳定静置,0915,Uc1,20.0,0.001254104567581683,669.6540829,0.2360334773196993,0.194677812402192,0.7564434017093418,1.068119999999908,2.7602080504065905,0.13270003508119801,0.1565204709692808,0.13165376086915967,,,,,,,,
0915_论文腕表_稳定静置,论文腕表,稳定静置,0915,Uc2,20.0,0.001254104567581683,597.51174984,0.12439841976225925,0.12330092920157437,0.4894081042498811,0.5950959999998986,0.3409918631848917,0.1209954412754936,0.04623325349529282,0.12073942394188192,,,,,,,,
0915_论文腕表_稳定静置,论文腕表,稳定静置,0915,Ut1,30.0,0.0013131552459954856,1288.31954946,0.7420773815657951,0.5255618217448741,1.9943239463943143,4.577640000000201,-10.883465920744749,0.24010661361153857,0.2772352273455888,0.12242082847476614,0.21355915472048545,0.06304811229095458,0.11114100114940548,165.7656711100898,27.08396367573655,0.18236005710800843,33.300000000000004,"33.3,40.0,26.7,46.7,13.3"
0915_论文腕表_稳定静置,论文腕表,稳定静置,0915,Ut2,30.0,0.0013131552459954856,1149.74182146,0.37189674077957713,0.3711198275160629,1.567989784261806,2.288819999999987,-0.49912618192440583,0.3927067380431691,0.11323610347123728,0.1218775806479367,0.3486945142826497,0.07853816949086832,0.27127659825879,303.2807085679982,60.52494892651995,0.2190818831577637,33.300000000000004,"33.3,6.7,40.0,26.6,20.0"
0915_论文腕表_稳定静置,论文腕表,稳定静置,0915,Uc1,30.0,0.0013131552459954856,669.5999144200001,0.36468981724280974,0.254887796708185,0.9023142873005268,1.693725999999856,-5.3942890153000755,0.07517592623057391,0.1356998058057161,0.07581563058624728,,,,,,,,
0915_论文腕表_稳定静置,论文腕表,稳定静置,0915,Uc2,30.0,0.0013131552459954856,597.4391184599999,0.08426595922137813,0.08265406426866141,0.31147444232211663,0.5187989999998308,-0.3392374365437414,0.05367224597126592,0.06520564850214268,0.06385776441747924,,,,,,,,
0915_论文腕表_稳定静置,论文腕表,稳定静置,0915,Ut1,40.0,0.004680639660703679,1287.73757933,0.7167416763520044,0.3291896185776362,1.2301934612054137,3.9672800000000734,13.226393431073184,0.21100668527414118,0.19193996732487764,0.10750436367068764,0.1908302418598671,0.06398124376754538,0.05169896121579147,148.19031837150752,7.339546602934487,0.18369376314263763,40.0,"40.0,6.7,26.7,20.0,13.3"
0915_论文腕表_稳定静置,论文腕表,稳定静置,0915,Ut2,40.0,0.004680639660703679,1149.81803918,0.4263407220576203,0.4050410756959675,1.6887321006487637,2.8991699999999128,-2.7644662170233767,0.3719381703687209,0.15056071610064786,0.12486731454347769,0.30899272412855966,0.07721187229772067,0.23447218834541053,268.73184590921863,57.581923358148245,0.20124437000051085,33.300000000000004,"33.3,40.0,26.7,20.0,13.4"
0915_论文腕表_稳定静置,论文腕表,稳定静置,0915,Uc1,40.0,0.004680639660703679,669.3196102,0.3817465769341444,0.16328710557413129,0.5896054799682928,1.5716539999999668,7.136385411343988,0.08292619864746417,0.09839521691316323,0.09193730816701902,,,,,,,,
0915_论文腕表_稳定静置,论文腕表,稳定静置,0915,Uc2,40.0,0.004680639660703679,597.4938201299999,0.14086377988101498,0.13002377486169958,0.4976980649139875,0.6713859999997567,-1.120702793877689,0.05684522589459561,0.07206697418259166,0.06702585401333173,,,,,,,,
0915_论文腕表_稳定静置,论文腕表,稳定静置,0915,Ut1,50.0,0.0013142829525168663,1288.76838676,0.3936400282061157,0.3860697065088996,1.5136290623312103,2.7465799999999945,-1.596057305577005,0.21334121495892044,0.3582565696995382,0.20991203510276177,0.17558377556464838,0.05597036704593565,0.04986940530150732,136.24152901986594,8.066768833345591,0.168352916982186,26.700000000000003,"26.7,6.7,40.0,20.0,13.3"
0915_论文腕表_稳定静置,论文腕表,稳定静置,0915,Ut2,50.0,0.0013142829525168663,1148.8224027800002,0.5297195537615245,0.516842871568721,2.1996179802593065,3.433230000000094,-2.411622862182516,0.3406628699869354,0.48207714541095137,0.20682475682780674,0.2838415820239366,0.06991757942753599,0.22196862641275297,247.07176787036627,61.15488468526724,0.1769066775853496,33.300000000000004,"33.3,40.0,26.7,20.0,46.7"
0915_论文腕表_稳定静置,论文腕表,稳定静置,0915,Uc1,50.0,0.0013142829525168663,669.86144972,0.18887085476065582,0.18764297412394426,0.649901998787888,0.7782039999997323,-0.4446821818190876,0.07778959109147549,0.20787130951867347,0.10171001282365444,,,,,,,,
0915_论文腕表_稳定静置,论文腕表,稳定静置,0915,Uc2,50.0,0.0013142829525168663,597.05718959,0.23266386018378973,0.2285073692001517,0.9133982607493436,1.0986329999999498,-0.9054734293431527,0.0737248016356516,0.25622825077491945,0.12747544775202632,,,,,,,,
0915_论文腕表_开机长记录,论文腕表,开机长记录,0915,Ut1,0.0,0.0013853363480986793,1377.2654723900002,2.5505771151790095,0.4921522154929437,1.8766219393032202,10.452269999999999,-51.99050171701989,0.5555386667148017,0.03704995323509362,0.10069573829273298,0.46089227154025136,0.07802390052214705,0.38965065460337656,334.6430160196019,71.47463873225973,0.2461585938631697,33.300000000000004,"33.3,6.7,26.7,20.0,40.0"
0915_论文腕表_开机长记录,论文腕表,开机长记录,0915,Ut2,0.0,0.0013853363480986793,1295.7112885400002,3.3436357187881898,0.27220631896079267,1.0563368845379784,12.893680000000131,-69.23087616815609,0.27298729191795285,0.04499610804063883,0.08195358971907077,0.24991292428900783,0.06958821905957699,0.13925313296511085,192.87701396088647,31.047920456372218,0.2075211668386734,33.300000000000004,"33.3,26.7,6.7,13.3,20.0"
0915_论文腕表_开机长记录,论文腕表,开机长记录,0915,Uc1,0.0,0.0013853363480986793,710.2088928000001,1.281117978650817,0.2693628300869926,0.81677744490255,4.959109999999896,-25.903121080109074,0.3227323939849875,0.03038882688138394,0.26923748296384553,,,,,,,,
0915_论文腕表_开机长记录,论文腕表,开机长记录,0915,Uc2,0.0,0.0013853363480986793,668.0442809499999,1.7317995765670462,0.18117926251360136,0.6062852256227216,6.065369999999916,-35.61959720972046,0.2047467175042928,0.027702559113390274,0.17207701247380608,,,,,,,,
0915_论文腕表_开机长记录,论文腕表,开机长记录,0915,Ut1,10.0,0.0013711613368231044,1368.32443242,2.6574150292723124,0.49369314275235104,1.8786835164046467,10.375980000000027,-54.24468726372349,0.5604123682114761,0.022254235393044185,0.08744977013327777,0.4785446622259497,0.08808423906112868,0.4078642347439315,349.7304081456779,72.64174953692358,0.2503033354985415,33.300000000000004,"33.3,6.7,26.7,20.0,40.0"
0915_论文腕表_开机长记录,论文腕表,开机长记录,0915,Ut2,10.0,0.0013711613368231044,1284.0356446600001,3.364450561553254,0.2716709987741054,1.0020904220955513,12.435909999999922,-69.66562135954607,0.2708983604517515,0.04156958504872991,0.08553481197919273,0.2414456581626332,0.06033793947792792,0.15442194425061168,188.03656983102334,40.90526704231164,0.185606758981046,33.300000000000004,"33.3,6.7,26.7,13.4,46.7"
0915_论文腕表_开机长记录,论文腕表,开机长记录,0915,Uc1,10.0,0.0013711613368231044,705.7418825,1.3373056642567904,0.2885382693255266,0.8326439018676293,5.264280000000099,-27.00599621962451,0.3365996200603087,0.054311765802373235,0.2652919966848092,,,,,,,,
0915_论文腕表_开机长记录,论文腕表,开机长记录,0915,Uc2,10.0,0.0013711613368231044,662.13607785,1.734459101542438,0.18866450820128797,0.5444955251762877,6.027220000000057,-35.65830360035948,0.21180420832312277,0.03967594995744899,0.17629939529488184,,,,,,,,
0915_论文腕表_开机长记录,论文腕表,开机长记录,0915,Ut1,20.0,0.0014132321302233824,1359.76219189,2.358011854283828,0.4841192451933872,1.850974056430823,9.460450000000037,-47.94234106974204,0.5372744390479632,0.065344357877745,0.10979799389509673,0.4577888728641845,0.08888691053191958,0.3892829067285547,336.668334797485,72.31030678165666,0.24089306890657491,33.300000000000004,"33.3,20.0,6.7,26.7,40.0"
0915_论文腕表_开机长记录,论文腕表,开机长记录,0915,Ut2,20.0,0.0014132321302233824,1272.94296262,3.064238633131512,0.27902353371587074,1.0299880860741382,11.215209999999843,-63.392725184718664,0.2609901941014592,0.045655030402542235,0.09289730054726152,0.24264149748416514,0.06768019988759283,0.13480642984337615,190.6145873062175,30.86676099452915,0.20174767105035196,33.300000000000004,"33.3,6.7,26.7,13.3,20.0"
0915_论文腕表_开机长记录,论文腕表,开机长记录,0915,Uc1,20.0,0.0014132321302233824,701.4633180999999,1.1751845873782918,0.2784328282392475,0.945798669474891,4.272460000000024,-23.612521368135788,0.3264011901252014,0.02816574198468548,0.28429925023541275,,,,,,,,
0915_论文腕表_开机长记录,论文腕表,开机长记录,0915,Uc2,20.0,0.0014132321302233824,656.5303807500001,1.5382402798003225,0.17761811423023316,0.6226556349566663,5.378725000000031,-31.6002616921697,0.19345098897845098,0.06651051746854907,0.16792386458325453,,,,,,,,
0915_论文腕表_开机长记录,论文腕表,开机长记录,0915,Ut1,30.0,0.0016566136268261413,1352.4295807100002,2.0483079294733826,0.49890537557311854,1.8495165089228918,8.31603999999993,-41.27049004220694,0.5602746730971442,0.07367611757166659,0.09999709245322992,0.48195617710228195,0.06911096762096053,0.4160615375116826,356.3632324939713,74.52466586070422,0.24325820366528422,33.300000000000004,"33.3,26.7,6.7,20.0,40.0"
0915_论文腕表_开机长记录,论文腕表,开机长记录,0915,Ut2,30.0,0.0016566136268261413,1263.0965422400002,2.680021367811366,0.2924519870097609,1.0083370185807496,11.596679999999878,-55.34288820944086,0.28393079762723966,0.08310169892502259,0.07936006342659925,0.2508553428964792,0.054381801078716055,0.15980846806711987,198.6034594407229,40.58381465953778,0.1933640519686906,33.300000000000004,"33.3,26.7,6.7,13.3,46.7"
0915_论文腕表_开机长记录,论文腕表,开机长记录,0915,Uc1,30.0,0.0016566136268261413,697.8317261,1.0085335567028595,0.2755816717101573,0.8638626744480602,3.890989999999988,-20.064157011701624,0.31980493271903304,0.03675112740593458,0.2655596562875179,,,,,,,,
0915_论文腕表_开机长记录,论文腕表,开机长记录,0915,Uc2,30.0,0.0016566136268261413,651.6281131,1.334564929363038,0.19995551912489823,0.6903932465017217,4.653929999999946,-27.28919452745189,0.21428810582332453,0.06763683428027759,0.1841587419795562,,,,,,,,
0915_论文腕表_开机长记录,论文腕表,开机长记录,0915,Ut1,40.0,0.0015403712594337835,1346.2250517500001,1.7464431792988198,0.4900444343917236,1.845708687264863,8.239739999999983,-34.823452827887785,0.556329785369555,0.03902389733551701,0.09053842330125378,0.46754223440106557,0.0834354408140694,0.4012166643023194,347.29871784312195,73.64041541487647,0.24004359861254554,33.300000000000004,"33.3,26.7,6.7,40.0,20.0"
0915_论文腕表_开机长记录,论文腕表,开机长记录,0915,Ut2,40.0,0.0015403712594337835,1254.58854669,2.3196056596873014,0.27748096734529154,1.016467104876335,10.98633000000018,-47.84198394290263,0.2687606643616395,0.04734292953151324,0.07147998291192556,0.23533525251219617,0.06334941404604072,0.14216183893731402,187.57962770589987,36.491531391695865,0.18754384187421436,33.300000000000004,"33.3,6.7,26.7,13.3,20.0"
0915_论文腕表_开机长记录,论文腕表,开机长记录,0915,Uc1,40.0,0.0015403712594337835,694.7944637999998,0.8745827367549764,0.28053656876133837,0.8947302267777529,3.6621099999998705,-17.131867506748158,0.32459484774457426,0.058310589761425585,0.265393936183636,,,,,,,,
0915_论文腕表_开机长记录,论文腕表,开机长记录,0915,Uc2,40.0,0.0015403712594337835,647.3590849000001,1.1553851653704452,0.1761568453597538,0.5659403041448741,4.310609999999997,-23.615688172816867,0.19609252240281283,0.02854459131522155,0.17337914425493933,,,,,,,,
0915_论文腕表_开机长记录,论文腕表,开机长记录,0915,Ut1,50.0,0.0013978913829730813,1340.69725029,1.5771289218880864,0.48314536974581146,1.8180776898826307,6.866449999999986,-31.188375373458506,0.5453422092958154,0.06037780172874482,0.08989855845255491,0.47201176378661247,0.09258142213222395,0.39640024158047876,352.064393124185,70.52809863896697,0.25624588509454527,33.300000000000004,"33.3,26.7,6.7,20.0,40.0"
0915_论文腕表_开机长记录,论文腕表,开机长记录,0915,Ut2,50.0,0.0013978913829730813,1246.85379034,2.1110371370366807,0.2677932483334549,0.9757885172990938,8.08716000000004,-43.50087319023204,0.24465622324758995,0.08019976892354554,0.08697797096133857,0.22256662073552783,0.061680829473230635,0.13911441939214228,178.5025818262436,39.06827457008312,0.1737327803922433,33.300000000000004,"33.3,26.7,6.7,13.3,20.0"
0915_论文腕表_开机长记录,论文腕表,开机长记录,0915,Uc1,50.0,0.0013978913829730813,692.1302798,0.7802300434286161,0.2794615754687469,0.8592688069966921,3.128050000000144,-15.065703762376398,0.3314510992833783,0.043803085360677264,0.26794461276826703,,,,,,,,
0915_论文腕表_开机长记录,论文腕表,开机长记录,0915,Uc2,50.0,0.0013978913829730813,643.5089107,1.0859525829636807,0.19873796516954073,0.6753951011625074,4.081730000000107,-22.079782718271396,0.2053381972693565,0.07665548096344345,0.20002279461143221,,,,,,,,
0915_论文腕表_开机长记录,论文腕表,开机长记录,0915,Ut1,60.0,0.0014202224397780986,1335.71868887,1.503430689745719,0.5007392525585661,1.8620191153138534,6.637570000000096,-29.44935314739102,0.5717092241015246,0.04925337038603928,0.10249012676723902,0.491843450764361,0.0843835201062917,0.4330559573823139,368.22382951042925,77.52365660067339,0.2331791539470926,33.300000000000004,"33.3,6.7,26.7,20.0,40.0"
0915_论文腕表_开机长记录,论文腕表,开机长记录,0915,Ut2,60.0,0.0014202224397780986,1239.9388887300001,1.970162688234611,0.31354487739243975,1.0826980827144155,7.476800000000139,-40.406966087239944,0.30830511984716275,0.0982886555814155,0.11056867098600234,0.2872967621803864,0.08377789616278879,0.18851895600261237,231.7023562948722,43.05747805873481,0.2167949095043945,33.300000000000004,"33.3,26.7,13.3,6.7,46.7"
0915_论文腕表_开机长记录,论文腕表,开机长记录,0915,Uc1,60.0,0.0014202224397780986,689.7285464999998,0.7318742056803016,0.285160027878562,0.9742233186530425,3.128060000000005,-13.940034239423188,0.335374274399203,0.030894496564767452,0.2684344945051534,,,,,,,,
0915_论文腕表_开机长记录,论文腕表,开机长记录,0915,Uc2,60.0,0.0014202224397780986,640.1020047500001,0.9753812393173872,0.18774630179272941,0.589110979958059,3.5858149999999114,-19.795083690368873,0.19962162883752835,0.07207801420163468,0.17569008968700608,,,,,,,,
0915_论文腕表_开机长记录,论文腕表,开机长记录,0915,Ut1,70.0,0.001411647083333196,1330.7770536699998,1.402484678911542,0.5188375921417251,1.8354729476143516,6.408689999999979,-27.06851110079693,0.5746898678875837,0.07629843970306453,0.1233370703532579,0.48586879778794895,0.07531161883812969,0.42532636904783716,365.10157463868666,76.63137135806795,0.23487436738922754,33.300000000000004,"33.3,26.7,6.7,20.0,40.0"
0915_论文腕表_开机长记录,论文腕表,开机长记录,0915,Ut2,70.0,0.001411647083333196,1233.45779405,1.6880762230975443,0.2965715210486738,1.1644067274155927,7.476809999999887,-34.52302885042448,0.29026284315929735,0.0914517281549466,0.08829142910873906,0.24782416022918075,0.054573303954396704,0.18211851054863995,200.91823281237853,54.00337385143511,0.16807635916107766,33.300000000000004,"33.3,26.7,6.7,40.0,13.3"
0915_论文腕表_开机长记录,论文腕表,开机长记录,0915,Uc1,70.0,0.001411647083333196,687.3466496999998,0.6990518295757954,0.3066844633165939,0.9377119548155403,2.822879999999941,-12.991810801081694,0.3575214987362066,0.06110228252322356,0.30110523748579626,,,,,,,,
0915_论文腕表_开机长记录,论文腕表,开机长记录,0915,Uc2,70.0,0.001411647083333196,636.9228362499999,0.8444256301957445,0.20267657069887374,0.6555114898305163,3.1280499999999165,-16.95345989198942,0.22112430312342124,0.079304652724085,0.1782437432325476,,,,,,,,
0915_论文腕表_开机长记录,论文腕表,开机长记录,0915,Ut1,80.0,0.0013990816325842037,1326.8336487699999,1.1749854514007372,0.5043716008610198,1.7779617170738333,6.103509999999915,-22.04614275705935,0.5688535389423773,0.06878890795192537,0.12398073043487691,0.4863708472162571,0.08305391099498194,0.4148733573305571,366.5650533261138,72.76055788729516,0.25384384648663755,33.300000000000004,"33.3,6.7,26.7,40.0,20.0"
0915_论文腕表_开机长记录,论文腕表,开机长记录,0915,Ut2,80.0,0.0013990816325842037,1228.12019338,1.5761239137420742,0.27417401703934857,1.045453980851004,7.476810000000114,-32.24354633186569,0.2644058256320728,0.1116428980817183,0.09349041796799969,0.22300303603089994,0.05595630756693496,0.16006264274859694,181.5807908973118,51.51793120750035,0.15527493189608516,33.300000000000004,"33.3,26.7,6.7,13.3,46.7"
0915_论文腕表_开机长记录,论文腕表,开机长记录,0915,Uc1,80.0,0.0013990816325842037,685.4728695000001,0.5869426920115967,0.30044872753715185,0.9646167127453509,2.6702900000000227,-10.427892313230728,0.345563310671602,0.059749053878206414,0.2903892768250719,,,,,,,,
0915_论文腕表_开机长记录,论文腕表,开机长记录,0915,Uc2,80.0,0.0013990816325842037,634.3021386500001,0.7812985303966314,0.18816783944738238,0.6168117313116681,3.1280550000000176,-15.682769486947395,0.20830563144735068,0.056746223573780924,0.174573415043875,,,,,,,,
0915_论文腕表_开机长记录,论文腕表,开机长记录,0915,Ut1,90.0,0.0014360528851265339,1323.3556364699998,1.068769172230906,0.5060452789304498,1.7770539595571506,5.111689999999953,-19.556323297242024,0.5780161910032098,0.10015741616781802,0.09741593996455072,0.4881199697244304,0.07947719907628382,0.43395641836267246,368.85018378466395,79.0385712185939,0.22347915295530374,33.300000000000004,"33.3,20.0,6.7,26.7,40.0"
0915_论文腕表_开机长记录,论文腕表,开机长记录,0915,Ut2,90.0,0.0014360528851265339,1223.0962371800001,1.357446816177414,0.33105046015957734,1.262780111879084,5.722040000000106,-27.348440574920602,0.34014073678658696,0.12833520887481936,0.08046227865476176,0.3031854301048342,0.07682358313932858,0.22556187233478034,247.88354414683323,55.349630736992175,0.20259132947064035,33.300000000000004,"33.3,6.7,40.0,26.7,18.6"
0915_论文腕表_开机长记录,论文腕表,开机长记录,0915,Uc1,90.0,0.0014360528851265339,683.8264469999999,0.5407179081862511,0.29158108555762746,0.9542363940954885,2.2888199999998733,-9.4175911431116,0.3424444353748366,0.06903890330375358,0.278914247830285,,,,,,,,
0915_论文腕表_开机长记录,论文腕表,开机长记录,0915,Uc2,90.0,0.0014360528851265339,631.8252563,0.6691617110155189,0.1899350044439239,0.5958414904560783,2.441410000000019,-13.270054977498956,0.19685958216878344,0.07224794489435261,0.18071795015355221,,,,,,,,
0915_论文腕表_开机长记录,论文腕表,开机长记录,0915,Ut1,100.0,0.001433682196718484,1320.13023361,0.932360288063589,0.47865860030954327,1.6843596791679145,4.882810000000063,-16.621738509780123,0.5482883673172219,0.04877721715709163,0.0872165715931239,0.4589316478917995,0.07018249288329856,0.41430707225273844,347.6411919124182,81.49832412806778,0.1974029060526892,33.300000000000004,"33.3,20.0,13.3,19.5,46.7"
0915_论文腕表_开机长记录,论文腕表,开机长记录,0915,Ut2,100.0,0.001433682196718484,1218.54911809,1.2867943630370773,0.38278772254330135,1.4122653991304899,6.179810000000089,-25.521989935469634,0.4007727682399503,0.05870726987346103,0.09669672556008978,0.3489851301861691,0.07640559079928357,0.27515826002078114,286.39397871230796,62.165762338183065,0.21465915548467432,33.300000000000004,"33.3,6.7,40.0,26.7,20.0"
0915_论文腕表_开机长记录,论文腕表,开机长记录,0915,Uc1,100.0,0.001433682196718484,682.3013315,0.46765104177311473,0.25064148471172587,0.8728366720642355,1.831050000000232,-8.165283924392474,0.27990155244228765,0.062407037779625515,0.24761668780302667,,,,,,,,
0915_论文腕表_开机长记录,论文腕表,开机长记录,0915,Uc2,100.0,0.001433682196718484,629.5635227500001,0.6491135026596138,0.171234574593239,0.6015928605220094,2.4032600000000457,-12.94908880288055,0.17451662587687036,0.042607043311035674,0.16184122538776416,,,,,,,,
0915_论文腕表_开机长记录,论文腕表,开机长记录,0915,Ut1,110.0,0.0017484656651523972,1317.38159186,0.8837277649581368,0.48489466590383706,1.6431415122548054,4.730220000000145,-15.348369925573929,0.5534922176630077,0.10447521073821157,0.09027877039185486,0.45412442739416553,0.07132993541835014,0.4122826232806191,344.7174533181317,82.42146600230518,0.19039966937190256,33.300000000000004,"33.3,20.0,26.7,41.4,6.7"
0915_论文腕表_开机长记录,论文腕表,开机长记录,0915,Ut2,110.0,0.0017484656651523972,1214.4203184500002,1.2142843914208683,0.36284849545122355,1.4141098748555179,5.493169999999964,-24.07326277722364,0.3603814736216111,0.16402879139350784,0.10091085719722231,0.32347710646812167,0.07323391082962623,0.25125562885385905,266.3633846977996,60.33155244492803,0.2037352384302734,33.300000000000004,"33.3,40.0,26.7,6.7,46.7"
0915_论文腕表_开机长记录,论文腕表,开机长记录,0915,Uc1,110.0,0.0017484656651523972,681.0379035999999,0.4069740900955724,0.2539200272606734,0.7859598969396273,1.6784600000000864,-6.577631827180979,0.2994884257725263,0.05204077052529,0.24820308122011076,,,,,,,,
0915_论文腕表_开机长记录,论文腕表,开机长记录,0915,Uc2,110.0,0.0017484656651523972,627.58216835,0.5927512215142187,0.17612199164523784,0.6058192150719349,2.441404999999918,-11.70532347434683,0.18104867517835613,0.06774973483816836,0.15108450534624115,,,,,,,,
0915_论文腕表_开机长记录,论文腕表,开机长记录,0915,Ut1,120.0,0.0014114006591622991,1314.92019677,0.9006344575697859,0.5017010834870776,1.7390552974832474,4.577639999999974,-15.53821012824962,0.5666728951528341,0.11073511233698068,0.09759717374911048,0.48166445156574383,0.07549029453984865,0.4260202348348829,366.3069840655847,78.22962791660744,0.22473852231729222,33.300000000000004,"33.3,6.7,20.0,26.7,46.7"
0915_论文腕表_开机长记录,论文腕表,开机长记录,0915,Ut2,120.0,0.0014114006591622991,1210.3579713899999,1.296079577921076,0.34200908367244753,1.2967664866413484,6.866459999999961,-25.970706803467934,0.3133102475239231,0.18678785808471826,0.09513761005165929,0.2473890408558566,0.05028143012675955,0.1875189475962452,204.39328422132004,57.45520788195259,0.16136288863297327,33.300000000000004,"33.3,26.7,6.7,40.0,13.4"
0915_论文腕表_开机长记录,论文腕表,开机长记录,0915,Uc1,120.0,0.0014114006591622991,679.9476622000001,0.4493757839775553,0.2811706907862694,0.8185680541885005,1.754760000000033,-7.249777569758272,0.32891287918297707,0.0649337880529621,0.28312636643794786,,,,,,,,
0915_论文腕表_开机长记录,论文腕表,开机长记录,0915,Uc2,120.0,0.0014114006591622991,625.64964295,0.6369947309365745,0.21714577939067145,0.7352489595004752,2.174380000000042,-12.384896543654362,0.21444238009205438,0.11681678689534246,0.17549412416915372,,,,,,,,
0915_论文腕表_开机长记录,论文腕表,开机长记录,0915,Ut1,130.0,0.0014158452846436502,1312.71247859,0.8078186077535845,0.4935661563346417,1.7004070572049554,4.27245999999991,-13.285167388648574,0.5630599961339304,0.046087569222898535,0.07783967197435403,0.48110468490091096,0.07229049402577604,0.432875325727239,366.49661883131574,80.95552447172685,0.2099539716465053,33.300000000000004,"33.3,20.0,26.7,6.7,46.6"
0915_论文腕表_开机长记录,论文腕表,开机长记录,0915,Ut2,130.0,0.0014158452846436502,1206.85180666,1.1969140813718455,0.36149160869110847,1.3265377033497714,6.027219999999943,-23.70381091052886,0.3308448894854598,0.1479857938725013,0.07981339544644386,0.267463144095732,0.0550589280115398,0.20464091639270923,221.6205358601108,58.54058428979832,0.17221680750590662,33.300000000000004,"33.3,26.7,6.7,40.0,20.0"
0915_论文腕表_开机长记录,论文腕表,开机长记录,0915,Uc1,130.0,0.0014158452846436502,678.9283753000001,0.4076769109554385,0.28628283524892845,0.8920376389198934,1.6784599999999728,-6.002705994601232,0.33011757081011245,0.0273799527673373,0.3014144963165302,,,,,,,,
0915_论文腕表_开机长记录,论文腕表,开机长记录,0915,Uc2,130.0,0.0014158452846436502,623.95973215,0.5759770665447512,0.20666306056130893,0.6964619007769386,2.1743750000000546,-11.118856651665226,0.20004432451888776,0.093021285220672,0.16361642283796937,,,,,,,,
0915_论文腕表_开机长记录,论文腕表,开机长记录,0915,Ut1,140.0,0.0014430493316063358,1310.43678255,0.7192752235458976,0.48784087317346064,1.6746137868851005,4.1198799999999665,-10.980276205590702,0.547288642576516,0.16091761236372704,0.10034654122544077,0.4569678992716494,0.06670084456911693,0.4141749639347572,348.7141885489723,82.14786862397946,0.19307708360752412,33.300000000000004,"33.3,20.0,26.6,6.7,46.7"
0915_论文腕表_开机长记录,论文腕表,开机长记录,0915,Ut2,140.0,0.0014430493316063358,1202.7835844500003,1.0372333931209954,0.3818125822481058,1.5173966028538586,5.569449999999961,-20.034715574520135,0.38060189903926983,0.18471208477965118,0.11768580440470947,0.31223641876610025,0.06073555623274589,0.24594957461222414,259.59484549240614,62.04760709074113,0.19235484904713349,33.300000000000004,"33.3,40.0,6.7,26.7,20.0"
0915_论文腕表_开机长记录,论文腕表,开机长记录,0915,Uc1,140.0,0.0014430493316063358,677.8823854000001,0.36533341695810945,0.27122487679561064,0.9170829066816109,1.8310500000000047,-5.061914383437453,0.30178498585979213,0.09905514135091659,0.2446853449534928,,,,,,,,
0915_论文腕表_开机长记录,论文腕表,开机长记录,0915,Uc2,140.0,0.0014430493316063358,621.9402310000002,0.5163506844923806,0.17713579287167794,0.6083632277106855,1.9836449999999104,-10.030847776776714,0.18326769563885223,0.08430657206720378,0.16693881822376863,,,,,,,,
0915_论文腕表_开机长记录,论文腕表,开机长记录,0915,Ut1,150.0,0.0015071116056874765,1308.6336516,0.6911136045380835,0.4307494624149687,1.5385155687431507,3.4332299999998668,-11.227559004603359,0.49221235348595554,0.1103381215221151,0.09756105069893826,0.4103252193244893,0.05926918655644886,0.3805994891748292,313.55239781798787,86.03595455727606,0.15333236596866714,33.300000000000004,"33.3,20.0,13.4,26.7,46.7"
0915_论文腕表_开机长记录,论文腕表,开机长记录,0915,Ut2,150.0,0.0015071116056874765,1199.77073709,1.0013768861361483,0.37993611069189587,1.4572479525508184,4.653930000000173,-19.247341708020006,0.4012123748053561,0.14361411511384228,0.1070833790937439,0.34516950819684666,0.07139914958447188,0.2794605672928606,287.69622189156127,65.5505326646446,0.20259264724368828,33.300000000000004,"33.3,40.0,6.7,26.7,20.0"
0915_论文腕表_开机长记录,论文腕表,开机长记录,0915,Uc1,150.0,0.0015071116056874765,677.0729054999999,0.32935211537161335,0.22491119760778444,0.720260559299518,1.3732899999999972,-4.975933789378112,0.26155102526018437,0.053660581316653876,0.21344703749612437,,,,,,,,
0915_论文腕表_开机长记录,论文腕表,开机长记录,0915,Uc2,150.0,0.0015071116056874765,620.4277044,0.4727082353410219,0.1457444104644136,0.5159749062241701,1.7929050000000188,-9.300028190820761,0.13606305403418112,0.09540737307102809,0.13762884134711495,,,,,,,,
0915_论文腕表_开机长记录,论文腕表,开机长记录,0915,Ut1,160.0,0.0014304484524983244,1306.7797090400002,0.6106916058826856,0.43928981389820126,1.588787957734013,3.2806399999999485,-8.812990880110844,0.4971735331311363,0.06090105471842475,0.08985390460634912,0.4186012411829928,0.07414960260185467,0.37676425453331835,320.3303803136873,81.0099494980691,0.18241627017866305,33.300000000000004,"33.3,20.0,29.3,19.5,6.7"
0915_论文腕表_开机长记录,论文腕表,开机长记录,0915,Ut2,160.0,0.0014304484524983244,1196.8219758199998,0.6707715657000278,0.4079054368810709,1.5451872030772842,4.348749999999882,-11.06210710873795,0.4075628083513577,0.10463720841988335,0.09500118732858617,0.34688380890515347,0.0712569566581791,0.27140123371292746,289.8374327288625,61.21467900628447,0.21603181992393608,33.300000000000004,"33.3,40.0,26.7,6.7,46.7"
0915_论文腕表_开机长记录,论文腕表,开机长记录,0915,Uc1,160.0,0.0014304484524983244,676.2512210000001,0.2875423520548778,0.21635455372171816,0.6721492787070784,1.2207000000001926,-3.9170111971200634,0.24422940697904397,0.026832262038172756,0.19757500564784208,,,,,,,,
0915_论文腕表_开机长记录,论文腕表,开机长记录,0915,Uc2,160.0,0.0014304484524983244,619.0265651,0.3144790049880454,0.16850888922904408,0.5999202144089735,1.3351450000000114,-5.491377317732347,0.15502483850265958,0.06875141834180146,0.13374925493907613,,,,,,,,
0915_论文腕表_开机长记录,论文腕表,开机长记录,0915,Ut1,170.0,0.0014402219840181471,1305.13168339,0.6880022892901373,0.42034271566285497,1.5739714768926092,3.3569300000001476,-11.314977892382418,0.4411440821253212,0.17076865118272389,0.12852863918435026,0.3614502878614186,0.04004106427525093,0.3299982181012185,276.94545497705906,83.35392209235623,0.14747029072027698,33.300000000000004,"33.3,20.0,29.3,40.0,39.1"
0915_论文腕表_开机长记录,论文腕表,开机长记录,0915,Ut2,170.0,0.0014402219840181471,1194.07058695,1.1567476628896194,0.4641224154173246,1.7737093036339266,5.722049999999854,-22.011421812417307,0.4723595711050163,0.18174909339615025,0.11584097712826104,0.4111679265467853,0.08879355695588613,0.32356288590748106,344.34139073555656,61.92684306341674,0.25370479436542986,33.300000000000004,"33.3,6.7,40.0,26.7,20.0"
0915_论文腕表_开机长记录,论文腕表,开机长记录,0915,Uc1,170.0,0.0014402219840181471,675.4959112999999,0.33964579920926596,0.2233423244751152,0.8661569653465304,1.5258799999996882,-5.292089108908712,0.22024194716701656,0.09319185936798483,0.19064653628232822,,,,,,,,
0915_论文腕表_开机长记录,论文腕表,开机长记录,0915,Uc2,170.0,0.0014402219840181471,617.65136775,0.5547535205419896,0.15657446820297816,0.5714211219621856,1.9836449999999104,-11.006654635462882,0.12532261489721228,0.1145158255774887,0.10279749515910612,,,,,,,,
0915_论文腕表_开机长记录,论文腕表,开机长记录,0915,Ut1,180.0,0.001476765093474027,1303.85475189,0.5770009055883496,0.39602177161235835,1.42494429201588,3.3569299999999203,-8.717672878110998,0.4506826049518703,0.0869562388191389,0.07599209959958793,0.37504138361158473,0.04811548387426887,0.3442069191432722,287.64046230451993,84.23271668501738,0.14892157746676168,33.300000000000004,"33.3,20.0,9.8,19.5,29.3"
0915_论文腕表_开机长记录,论文腕表,开机长记录,0915,Ut2,180.0,0.001476765093474027,1191.2844088699999,1.0728578916647429,0.424278670479108,1.6428654046863698,5.569449999999961,-20.470905732462445,0.454880878208857,0.12584260527151672,0.09751668309229947,0.38388034090198714,0.0761667986083614,0.30334906391890737,322.2407160235726,62.44441116089552,0.23525191083293776,33.300000000000004,"33.3,40.0,26.7,6.7,46.7"
0915_论文腕表_开机长记录,论文腕表,开机长记录,0915,Uc1,180.0,0.001476765093474027,674.9641411,0.2710759060301719,0.19645613348976246,0.6367072298080274,1.2206999999998516,-3.8629032943282677,0.2185670989222909,0.06266416819539034,0.18621215961172993,,,,,,,,
0915_论文腕表_开机长记录,论文腕表,开机长记录,0915,Uc2,180.0,0.001476765093474027,616.3181305,0.48456469881078185,0.13548284790832454,0.4778432787203768,1.7547649999999066,-9.621821998198513,0.13614465262499556,0.059872781655361924,0.11440244755151896,,,,,,,,
0915_论文腕表_开机长记录,论文腕表,开机长记录,0915,Ut1,190.0,0.0015717888216786565,1302.7951048300001,0.5068249315910291,0.47050228857046655,1.6623651920949496,3.3569299999999203,-3.91411474615253,0.5308821197887122,0.06283478083828958,0.11477170367875678,0.46086047947520664,0.06741500463869812,0.41215563317080256,353.7474755367181,79.98039511635663,0.20620406297571392,33.300000000000004,"33.3,20.0,9.7,26.7,13.3"
0915_论文腕表_开机长记录,论文腕表,开机长记录,0915,Ut2,190.0,0.0015717888216786565,1188.84124784,0.5789459497746671,0.34726765706284296,1.3676053913972166,3.12805000000003,-9.62327917775269,0.3652393695342949,0.05609854072014725,0.11076048415841247,0.2984851356044237,0.05944123994071754,0.23907511912904922,251.07232454016875,64.15394167255549,0.17870776029658622,33.300000000000004,"33.3,40.0,26.7,6.7,19.8"
0915_论文腕表_开机长记录,论文腕表,开机长记录,0915,Uc1,190.0,0.0015717888216786565,674.525451,0.24823435815105638,0.2368462651294098,0.7878775926553685,0.9155300000001034,-1.5371408100808355,0.26804579932704614,0.047519593253106604,0.2512085527130014,,,,,,,,
0915_论文腕表_开机长记录,论文腕表,开机长记录,0915,Uc2,190.0,0.0015717888216786565,615.1966101,0.2448600116331056,0.15376471591374266,0.506396019372886,0.9918200000000752,-3.9410439603976712,0.15561585571691003,0.03483268938457267,0.15094411701994245,,,,,,,,
0915_论文腕表_开机长记录,论文腕表,开机长记录,0915,Ut1,200.0,0.0014723110893673183,1301.0437776200001,0.7673306033847682,0.4551578998848437,1.6603907583469946,4.27245999999991,-12.83348741924881,0.49486240455660235,0.13172755683832296,0.09658896213793837,0.4186184834359005,0.056117746340117874,0.38050147721316463,321.75587834690657,82.6182314876574,0.17452810808798935,33.300000000000004,"33.3,20.0,29.3,9.8,21.9"
0915_论文腕表_开机长记录,论文腕表,开机长记录,0915,Ut2,200.0,0.0014723110893673183,1185.9249112999998,1.2514998267357553,0.39686127278644945,1.5169067887191203,6.027219999999943,-24.657114583427404,0.4065178813639335,0.13172840276684047,0.09549725505309256,0.3398117599104601,0.06596790160714167,0.2616003634374175,286.5373318939406,59.26521674772022,0.21688080141602034,33.300000000000004,"33.3,40.0,26.7,6.7,20.0"
0915_论文腕表_开机长记录,论文腕表,开机长记录,0915,Uc1,200.0,0.0014723110893673183,673.7380982999999,0.3665152584668438,0.23241142093415373,0.8100900716471784,1.7547599999999193,-5.861228046805194,0.2496465908969407,0.07727812761491812,0.20616371324906652,,,,,,,,
0915_论文腕表_开机长记录,论文腕表,开机长记录,0915,Uc2,200.0,0.0014723110893673183,613.7439724999999,0.6297260005938975,0.1664093879951441,0.5800568609451344,2.36511500000006,-12.560692601258502,0.1406582260657973,0.08333780613194929,0.13586977856969742,,,,,,,,
0915_论文腕表_开机长记录,论文腕表,开机长记录,0915,Ut1,210.0,0.0016728860991231354,1299.67262246,0.449000775267186,0.4148591516446133,1.5826719200802297,2.8991699999999128,-3.5677020996969167,0.4084198677593686,0.21759446065380184,0.12311857421141577,0.30702981896702874,0.04401599174396199,0.2662975632407649,236.23627493659714,75.22691841676172,0.15281661410644215,33.300000000000004,"33.3,20.0,40.0,39.1,21.8"
0915_论文腕表_开机长记录,论文腕表,开机长记录,0915,Ut2,210.0,0.0016728860991231354,1183.3846284100002,0.6712332478520454,0.5134738194433037,1.9676099263177773,4.1198799999999665,-8.981068034310942,0.457677611893878,0.3084983860880865,0.1251581524216037,0.40731521275026955,0.09820110131039415,0.31756741952677764,344.195118790363,60.78698716176917,0.2550619857856144,33.300000000000004,"33.3,40.0,26.7,6.7,20.0"
0915_论文腕表_开机长记录,论文腕表,开机长记录,0915,Uc1,210.0,0.0016728860991231354,673.1231694,0.22200230022386722,0.21595732549054103,0.7818555541314678,0.9918199999999615,-1.0641319171910528,0.21076139374524386,0.09945220788854577,0.1629759305405788,,,,,,,,
0915_论文腕表_开机长记录,论文腕表,开机长记录,0915,Uc2,210.0,0.0016728860991231354,612.48893765,0.2820180478951907,0.1810456552320131,0.6399471623754236,1.0299700000000485,-4.472011179116562,0.11517706805141165,0.14772281665746523,0.09883642867983305,,,,,,,,
0915_论文腕表_开机长记录,论文腕表,开机长记录,0915,Ut1,220.0,0.002710672788871548,1298.75473016,0.5645607335825569,0.3515574944367059,1.4227309908090033,2.8228800000001684,-9.176851431812135,0.34782218314763136,0.15231557635866352,0.15401837604829097,0.2783230290098026,0.052288704265392665,0.23433752815793996,214.2999155625902,70.89006992137786,0.15016534678153318,33.300000000000004,"33.3,40.0,20.0,29.3,9.8"
0915_论文腕表_开机长记录,论文腕表,开机长记录,0915,Ut2,220.0,0.002710672788871548,1181.4910124599999,1.1510051170106639,0.460049192905043,1.7715374490866558,5.645750000000135,-21.91821070388984,0.4693713626039436,0.136630142007787,0.14231931645576618,0.3958635459798132,0.08651655194777783,0.3088960696207691,335.05421692170125,60.88828526699721,0.24757052572661525,33.300000000000004,"33.3,40.0,6.7,26.7,20.0"
0915_论文腕表_开机长记录,论文腕表,开机长记录,0915,Uc1,220.0,0.002710672788871548,672.7455139000001,0.2542428198479362,0.1695964574485333,0.6363206241929644,1.22070999999994,-3.9172919171936367,0.15900366980709177,0.08150080662905147,0.1444587892473677,,,,,,,,
0915_论文腕表_开机长记录,论文腕表,开机长记录,0915,Uc2,220.0,0.002710672788871548,611.5699779500001,0.5450321035614984,0.1329280956303001,0.4782574230694705,1.8310599999999795,-10.931674833483237,0.09714246663724528,0.07479051876652681,0.10911839142217157,,,,,,,,
0915_论文腕表_开机长记录,论文腕表,开机长记录,0915,Ut1,230.0,0.0029477456607270953,1297.68005377,0.41506519929350016,0.3426438236975283,1.5326996663716725,2.593989999999849,-4.866418438860675,0.2897958699473428,0.22264817981024126,0.10613505880408507,0.26350493885766707,0.08734973622630016,0.11928066955779926,203.05847970163106,20.49097471359315,0.2349616451087836,33.300000000000004,"33.3,40.0,20.0,13.3,6.7"
0915_论文腕表_开机长记录,论文腕表,开机长记录,0915,Ut2,230.0,0.0029477456607270953,1179.04335018,0.7155338543091039,0.5243894785261463,2.08132103313182,4.348760000000084,-10.1135357255296,0.5512926024305039,0.15825642164654866,0.1494751295629721,0.47853927748729325,0.08979933287821289,0.38251002301964726,405.8708082397789,63.8925850986785,0.2875515995218416,33.300000000000004,"33.3,40.0,6.7,26.7,20.0"
0915_论文腕表_开机长记录,论文腕表,开机长记录,0915,Uc1,230.0,0.0029477456607270953,672.2831723,0.16243287841317275,0.1393742759621989,0.4805371096727157,0.6866399999998976,-1.7252913411329047,0.09607739876542652,0.10829803940504347,0.09220865668664917,,,,,,,,
0915_论文腕表_开机长记录,论文腕表,开机长记录,0915,Uc2,230.0,0.0029477456607270953,610.3012074,0.2892451182370764,0.13702179148086757,0.5391343302039387,1.1062650000000076,-5.268204212420917,0.05920880442736289,0.07684088843401017,0.08141561422196211,,,,,,,,
0915_论文腕表_开机长记录,论文腕表,开机长记录,0915,Ut1,240.0,0.0014774633064958131,1296.9974515300003,0.46917269097754843,0.3877132842266389,1.5782352185098374,3.204340000000002,-5.48854176706125,0.26675320858761936,0.26776839001751274,0.09408326944769488,0.23821051778642732,0.0779804878639532,0.10785674127364342,183.66305770718577,20.50089035880591,0.21239391268562324,33.300000000000004,"33.3,40.0,13.3,26.7,20.0"
0915_论文腕表_开机长记录,论文腕表,开机长记录,0915,Ut2,240.0,0.0014774633064958131,1177.1834563699997,0.9181958672490016,0.5488199452839547,2.0808957483585404,5.187990000000127,-15.292430776790706,0.555619792166366,0.2207594901727019,0.12752371778094548,0.46743228075045956,0.08719049165430853,0.36968187168144284,397.0768347287589,62.54878902338008,0.2860563770267701,33.300000000000004,"33.3,40.0,26.7,6.7,32.3"
0915_论文腕表_开机长记录,论文腕表,开机长记录,0915,Uc1,240.0,0.0014774633064958131,672.0230100000001,0.20495386093736248,0.16896567588307845,0.604859521494171,0.915529999999876,-2.399110423039716,0.08023850173769846,0.137141138757556,0.08004757410013903,,,,,,,,
0915_论文腕表_开机长记录,论文腕表,开机长记录,0915,Uc2,240.0,0.0014774633064958131,609.4196319,0.38873149201831503,0.13395485227451595,0.4699485981637877,1.4114400000000842,-7.547125400540348,0.048571198627498736,0.1267466991118068,0.07045467923190533,,,,,,,,
0915_论文腕表_开机长记录,论文腕表,开机长记录,0915,Ut1,250.0,0.0014228544485280989,1295.73852581,0.34572595562603925,0.22360475783147032,0.9397334300289912,3.3569299999999203,-5.477755819313299,0.19388955013744635,0.0493758666774531,0.1081710666439348,0.17412261607207127,0.052425572288357786,0.04934066756802532,134.38098243102147,8.029706571075728,0.16698558007122516,40.0,"40.0,26.7,13.3,20.0,6.7"
0915_论文腕表_开机长记录,论文腕表,开机长记录,0915,Ut2,250.0,0.0014228544485280989,1174.5234678,0.7760329031086702,0.4140491609640402,1.688259666742601,4.653929999999946,-13.635084142522876,0.43556179040327636,0.06876755386626746,0.11413966903561316,0.3788615075447195,0.10152780194606188,0.27509636470351634,322.56614527623276,52.724046777262416,0.26049574281735866,33.300000000000004,"33.3,20.0,13.3,40.0,26.7"
0915_论文腕表_开机长记录,论文腕表,开机长记录,0915,Uc1,250.0,0.0014228544485280989,671.4698785000002,0.154918722661444,0.10521877286545579,0.3879395561597049,0.9155300000001034,-2.351584770476816,0.09375511770543223,0.03790942966406015,0.09058369620442643,,,,,,,,
0915_论文腕表_开机长记录,论文腕表,开机长记录,0915,Uc2,250.0,0.0014228544485280989,608.17108175,0.3326776264032088,0.0784699604762257,0.3283290004485166,1.3732850000000099,-6.686123294327352,0.04396474344330696,0.025246716003734355,0.06558426989727009,,,,,,,,
0915_论文腕表_开机长记录,论文腕表,开机长记录,0915,Ut1,260.0,0.001439225336583054,1294.7444155399999,0.37686235195549267,0.23794198367027544,1.0383758651651078,2.8991699999999128,-6.071224024983546,0.2157312405628909,0.06966645746945553,0.0996759606994794,0.20190013712759203,0.06199024993951658,0.05935740905602703,155.93821815665868,8.643241420219503,0.19297762399380905,26.700000000000003,"26.7,20.0,6.7,40.0,13.3"
0915_论文腕表_开机长记录,论文腕表,开机长记录,0915,Ut2,260.0,0.001439225336583054,1172.6445771899998,0.5965704058094844,0.4019489916468673,1.585453952047601,3.5858100000000377,-9.157952774073024,0.43559811560177114,0.11023392533992271,0.10525583741304799,0.3777524352179783,0.09678527106538566,0.29617556331601036,322.13719533260786,61.472928202096774,0.23447161450281528,33.300000000000004,"33.3,20.0,40.0,13.3,46.7"
0915_论文腕表_开机长记录,论文腕表,开机长记录,0915,Uc1,260.0,0.001439225336583054,671.0510259000002,0.15103758798401873,0.0919794028706899,0.35821783437602883,0.6866500000000997,-2.4776477047706136,0.08469357468503673,0.03684362865788404,0.0853653920464613,,,,,,,,
0915_论文腕表_开机长记录,论文腕表,开机长记录,0915,Uc2,260.0,0.001439225336583054,607.2929371,0.23076127308682098,0.10490980823637014,0.3735963210321525,0.9918250000000626,-4.250766876686671,0.07090161507560964,0.05032766704187226,0.06362805953984842,,,,,,,,
0915_论文腕表_开机长记录,论文腕表,开机长记录,0915,Ut1,270.0,0.0014052128072758417,1293.77746541,0.421820473470257,0.2584508288676679,1.1412396744120428,3.128049999999803,-6.925507309634902,0.23453975085117634,0.05246451279637063,0.10165928998151538,0.2299058146652521,0.07100266883847889,0.07380380247465905,177.7012050464139,10.305227053589874,0.2177376457050428,13.3,"13.3,26.7,20.0,40.0,6.7"
0915_论文腕表_开机长记录,论文腕表,开机长记录,0915,Ut2,270.0,0.0014052128072758417,1171.02783171,0.5194690577119073,0.39524065120045954,1.496228633726468,3.12805000000003,-7.002884061883947,0.4393974614946253,0.05321327248307006,0.08922075063740349,0.37470304042915414,0.09334101876897352,0.29222288726824747,319.97791195277733,60.82106502300437,0.23453816888400375,33.300000000000004,"33.3,40.0,20.0,26.7,46.7"
0915_论文腕表_开机长记录,论文腕表,开机长记录,0915,Uc1,270.0,0.0014052128072758417,670.6626901999999,0.1892248683817903,0.11774213456704283,0.42773265363348106,1.068119999999908,-3.0635686048614947,0.10666324029062528,0.02559501197239068,0.12364692834226948,,,,,,,,
0915_论文腕表_开机长记录,论文腕表,开机长记录,0915,Uc2,270.0,0.0014052128072758417,606.52046275,0.19017475957653932,0.07747580092692119,0.27579599004279765,0.7629350000000841,-3.591908100809334,0.055293488971151966,0.038225025561815236,0.06560144617364136,,,,,,,,
0915_论文腕表_开机长记录,论文腕表,开机长记录,0915,Ut1,280.0,0.0014409650325976097,1293.03184555,0.31651830078563914,0.264916900373931,1.1375271814158907,2.3651199999999335,-3.5983734964159644,0.2253216505419575,0.08060387423233041,0.126387737222392,0.20993571886956777,0.048633617012365744,0.09082095207245552,162.3592795429336,18.715413522342146,0.1892737718806674,33.300000000000004,"33.3,26.7,13.3,6.7,20.0"
0915_论文腕表_开机长记录,论文腕表,开机长记录,0915,Ut2,280.0,0.0014409650325976097,1169.5425417899999,0.6818764662346929,0.34328256043647354,1.2673365442891735,3.7384099999999307,-12.239397039353438,0.3665252871210959,0.12501688633587874,0.10873762363262163,0.2912478454226789,0.05260449342368481,0.2473740076102018,249.02714951858044,72.14108792658367,0.1537251047234006,33.300000000000004,"33.3,40.0,26.7,6.7,20.0"
0915_论文腕表_开机长记录,论文腕表,开机长记录,0915,Uc1,280.0,0.0014409650325976097,670.3712467999999,0.14576756095247423,0.13320630897476032,0.5195510507682995,0.8392300000001569,-1.2242762196224994,0.12990153161985094,0.041231137046533195,0.13504354292177453,,,,,,,,
0915_论文腕表_开机长记录,论文腕表,开机长记录,0915,Uc2,280.0,0.0014409650325976097,605.842591,0.27614858895310823,0.09414498365888684,0.38733144519795526,1.0681149999999207,-5.369010693067853,0.06684683907121201,0.06416389635348614,0.08168277283650274,,,,,,,,
0915_论文腕表_开机长记录,论文腕表,开机长记录,0915,Ut1,290.0,0.0014401117051445634,1292.1949769599998,0.3657946058052089,0.27287322391361,1.0859078211547852,3.0517499999998563,-5.060811774891489,0.24782675424460723,0.08778724224359895,0.1028034245095568,0.20789180358167753,0.05169938521863781,0.1361497370120828,160.88268975535019,42.890279812534786,0.1571058595596723,33.300000000000004,"33.3,6.7,20.0,26.7,13.3"
0915_论文腕表_开机长记录,论文腕表,开机长记录,0915,Ut2,290.0,0.0014401117051445634,1167.8229522899999,0.5755490923486506,0.24432728391452627,0.9554362187283515,2.975460000000112,-10.825762201403768,0.20616713073256063,0.10307549204743136,0.09037996536651566,0.171004455578726,0.05248277358211421,0.10403754178969389,146.4301204590996,37.01393958123797,0.13571556184216377,33.300000000000004,"33.3,13.3,20.0,46.7,6.7"
0915_论文腕表_开机长记录,论文腕表,开机长记录,0915,Uc1,290.0,0.0014401117051445634,670.0431828999999,0.16513286292177717,0.1311691959300597,0.4875081760739107,0.839240000000018,-2.0747023942396132,0.1330319508841702,0.031342884179091056,0.11775484438474011,,,,,,,,
0915_论文腕表_开机长记录,论文腕表,开机长记录,0915,Uc2,290.0,0.0014401117051445634,605.1155087,0.27623435191442075,0.1555142600236644,0.5649889853976101,1.182555000000093,-4.721570081008736,0.10731533637467378,0.09363283500863034,0.146551333223438,,,,,,,,
0915_论文腕表_开机长记录,论文腕表,开机长记录,0915,Ut1,300.0,0.0014015096307373436,1291.44103968,0.38262928887763603,0.33455465852762123,1.2931145969721625,2.9754599999998845,-3.857430336144548,0.3288979403871173,0.11922615331241192,0.13210419781941743,0.28860944144288164,0.06362144091985872,0.21528566233579294,223.47860457833585,55.64282183120211,0.19221730744813556,33.300000000000004,"33.3,26.7,20.0,6.7,40.0"
0915_论文腕表_开机长记录,论文腕表,开机长记录,0915,Ut2,300.0,0.0014015096307373436,1166.5394593500002,0.48567697833431916,0.24817820549350575,0.9581894192631352,3.051759999999831,-8.672827387020654,0.19132586909101895,0.11818582566735104,0.11597606804643476,0.18255570805879995,0.06814998456715467,0.06253060931121142,156.49338442483602,11.732606024830385,0.17151241775457085,6.7,"6.7,26.7,13.3,33.3,46.7"
0915_论文腕表_开机长记录,论文腕表,开机长记录,0915,Uc1,300.0,0.0014015096307373436,669.7357177000001,0.1876726286735658,0.17882248335738593,0.630733751794247,0.8392399999997906,-1.1778513411345357,0.1787609164414216,0.05532042045619724,0.1511731479152229,,,,,,,,
0915_论文腕表_开机长记录,论文腕表,开机长记录,0915,Uc2,300.0,0.0014015096307373436,604.5269006,0.22956712147159014,0.12714224424077844,0.5162830213577336,1.1444099999999935,-3.953130657065299,0.11028770585610873,0.0738925133731794,0.11963869617299426,,,,,,,,
0915_论文腕表_开机长记录,论文腕表,开机长记录,0915,Ut1,310.0,0.0013844950308304319,1290.7392877099999,0.38569639595503874,0.34505612945524883,1.3727923642188955,2.9754700000000867,-3.5800432284801627,0.36805628406575297,0.06536232771528427,0.09473474903636953,0.3073322069457881,0.06647408539643397,0.23546609560725834,238.10556467297891,58.70033988870138,0.19750646380724404,33.300000000000004,"33.3,20.0,26.7,6.7,40.0"
0915_论文腕表_开机长记录,论文腕表,开机长记录,0915,Ut2,310.0,0.0013844950308304319,1165.0687406000002,0.5993717243046613,0.2551202868359577,1.041715791746816,3.3569400000001224,-11.267218571701623,0.21456646355834308,0.11747890948995436,0.10203080144682407,0.19583013116478779,0.06283468161154179,0.06860737978496184,168.08461538839072,12.273901594314731,0.18341883139705148,26.700000000000003,"26.7,13.3,6.7,33.3,20.0"
0915_论文腕表_开机长记录,论文腕表,开机长记录,0915,Uc1,310.0,0.0013844950308304319,669.4656371000002,0.20981870369145664,0.19756314624053176,0.67263190702823,1.2206999999998516,-1.4613308730881474,0.2214401599116533,0.04093351991638881,0.19195053126409972,,,,,,,,
0915_论文腕表_开机长记录,论文腕表,开机长记录,0915,Uc2,310.0,0.0013844950308304319,603.8589486,0.2948373945384345,0.1271045857044696,0.48438091108609665,1.3732850000000099,-5.501949054905932,0.1176080216226788,0.050542155322392285,0.1052459797428816,,,,,,,,
0915_论文腕表_开机长记录,论文腕表,开机长记录,0915,Ut1,320.0,0.001376441305247884,1290.2169040100002,0.4349978804787892,0.4029395557311525,1.707500736102912,3.0517600000000584,-3.40487398691514,0.4284872894250125,0.07365384748688594,0.14870260466126015,0.3636860265191332,0.07933288791759643,0.28952128504392094,281.8797563330594,63.373510566900734,0.22010213854434105,33.300000000000004,"33.3,6.7,26.7,20.0,40.0"
0915_论文腕表_开机长记录,论文腕表,开机长记录,0915,Ut2,320.0,0.001376441305247884,1163.42201211,0.44144142631805705,0.27096127503928297,1.0861135967290576,3.0517499999998563,-7.239765918768213,0.2332381513273136,0.10598157717811482,0.10817930391746461,0.2082598798593244,0.07606483864138917,0.08728357032186423,179.00630870961527,17.56522747276127,0.18908663599231018,6.7,"6.7,26.7,33.3,13.3,46.7"
0915_论文腕表_开机长记录,论文腕表,开机长记录,0915,Uc1,320.0,0.001376441305247884,669.2596424,0.22598124780126605,0.2196412466479932,0.7824064651214742,0.9155299999997624,-1.0992827362724826,0.2471018922101502,0.04817691175279344,0.2055467003663789,,,,,,,,
0915_论文腕表_开机长记录,论文腕表,开机长记录,0915,Uc2,320.0,0.001376441305247884,603.0963897500001,0.21982105420525588,0.14840536299391047,0.539081294049637,1.106264999999894,-3.353787020701888,0.14482884453807018,0.06291856660463006,0.13052615219105065,,,,,,,,
0915_论文腕表_开机长记录,论文腕表,开机长记录,0915,Ut1,330.0,0.0013861906821410915,1289.69551121,0.4975121062670974,0.46224657787051737,1.7864456891687435,3.280640000000176,-3.8219152951559114,0.5146390956552273,0.0603879088119279,0.11484943663308848,0.42494981605333726,0.06549465763678929,0.35678277665311675,329.49623563056895,70.4908051204897,0.2308427959617917,33.300000000000004,"33.3,26.7,6.7,40.0,20.0"
0915_论文腕表_开机长记录,论文腕表,开机长记录,0915,Ut2,330.0,0.0013861906821410915,1162.26135277,0.4909280485259118,0.2399683223323097,0.9416665407092579,2.7465799999999945,-8.897228684468699,0.2071399694296957,0.1078706082882022,0.08544432247122748,0.19120690049652436,0.05749660604886405,0.10761397096945677,164.51282668981793,31.675989573115636,0.15804844842538848,33.300000000000004,"33.3,6.7,26.7,13.3,46.7"
0915_论文腕表_开机长记录,论文腕表,开机长记录,0915,Uc1,330.0,0.0013861906821410915,669.0956113,0.2733574323805463,0.2632940382990071,0.9013212169351529,1.2969999999999118,-1.519846012601678,0.3070490336594741,0.034266907964692395,0.26793880114193563,,,,,,,,
0915_论文腕表_开机长记录,论文腕表,开机长记录,0915,Uc2,330.0,0.0013861906821410915,602.5936129500001,0.24654510453002126,0.16338304682336116,0.5920021600600791,1.0299649999999474,-3.818542880289116,0.16947436117172965,0.061419509527523966,0.1410641990269705,,,,,,,,
0915_论文腕表_开机长记录,论文腕表,开机长记录,0915,Ut1,340.0,0.0014114261901807005,1289.0172575099998,0.523525990112263,0.4836102173043852,1.779391005364124,2.975460000000112,-4.165251317695157,0.5372692787668965,0.08302173988644013,0.10821445885934862,0.460745042232745,0.06771231711811537,0.39798664800186107,357.4390021145009,74.61319941389665,0.23214784503478963,33.300000000000004,"33.3,26.7,6.7,20.0,40.0"
0915_论文腕表_开机长记录,论文腕表,开机长记录,0915,Ut2,340.0,0.0014114261901807005,1161.19911242,0.3690423411250919,0.2413643659558394,0.9888636486295581,2.1362299999998413,-5.799525688731337,0.2261673040173088,0.0978155691489798,0.09038052329156915,0.1913603838097502,0.03541303791133901,0.14372128195264136,164.79549610655928,56.40766181577719,0.12634472527851837,33.300000000000004,"33.3,26.7,6.7,40.0,13.3"
0915_论文腕表_开机长记录,论文腕表,开机长记录,0915,Uc1,340.0,0.0014114261901807005,668.8072202,0.2945278490784908,0.2778464665282825,0.8563207979269917,1.1444099999999935,-2.0208648784887124,0.32017257289839773,0.05254990410447937,0.2765144738731326,,,,,,,,
0915_论文腕表_开机长记录,论文腕表,开机长记录,0915,Uc2,340.0,0.0014114261901807005,602.1335597000001,0.21804546360656957,0.18066674808299463,0.5806225384412637,0.9918200000000752,-2.524777677767538,0.1913118297872305,0.07047152934963889,0.16501171105523316,,,,,,,,
0915_论文腕表_开机长记录,论文腕表,开机长记录,0915,Ut1,350.0,0.001356523420719631,1288.39813198,0.4760749121353105,0.4652815097306274,1.6399515528347366,2.6702900000000227,-2.094021150738876,0.5267500777964945,0.08782556152176473,0.10657626275892385,0.44883965509892904,0.06259764429398798,0.4068944744268781,348.3703088028821,82.18283988249381,0.18945691507622578,33.300000000000004,"33.3,20.0,26.7,6.7,29.3"
0915_论文腕表_开机长记录,论文腕表,开机长记录,0915,Ut2,350.0,0.001356523420719631,1160.13938869,0.45285587611436995,0.31363652479558124,1.2327822114897913,3.0517600000000584,-6.786229838258594,0.31750397880366366,0.11187460430646765,0.08967405024876215,0.2767680099601317,0.05926202664438198,0.21577737286032822,238.5644454953392,60.7827045395941,0.17332240679954347,33.300000000000004,"33.3,40.0,6.7,26.7,20.0"
0915_论文腕表_开机长记录,论文腕表,开机长记录,0915,Uc1,350.0,0.001356523420719631,668.5394277,0.23605981657136185,0.23443769098010186,0.8540720401035227,1.0681099999998196,-0.5713498109797513,0.2649011606260143,0.05783373355270737,0.23130678899606086,,,,,,,,
0915_论文腕表_开机长记录,论文腕表,开机长记录,0915,Uc2,350.0,0.001356523420719631,601.5827176000001,0.23198459260216706,0.1698441453085772,0.5669816928520475,0.9918200000000752,-3.2680513411340684,0.1713718007301179,0.07806322913952272,0.1570893105597252,,,,,,,,
0915_论文腕表_开机长记录,论文腕表,开机长记录,0915,Ut1,360.0,0.001372274223463685,1287.81654397,0.4745215643596953,0.40224488997579305,1.5005795682238896,3.12805000000003,-5.22956876385286,0.4486317796097003,0.08934478745355942,0.10215117710001383,0.3883294564703169,0.059165927433755254,0.3546002876260372,301.5409751401385,83.38299632948136,0.15829846107294743,33.300000000000004,"33.3,20.0,48.8,19.5,39.1"
0915_论文腕表_开机长记录,论文腕表,开机长记录,0915,Ut2,360.0,0.001372274223463685,1158.94447368,0.4656239049291771,0.388679821973097,1.4312078357155142,3.0517600000000584,-5.32621384453606,0.4176626067662609,0.13521920043347294,0.08831962252598402,0.3417325839125634,0.07214727790551961,0.2746990686137765,294.86536384910556,64.61622662694191,0.20327710301527047,33.300000000000004,"33.3,26.7,40.0,6.7,20.0"
0915_论文腕表_开机长记录,论文腕表,开机长记录,0915,Uc1,360.0,0.001372274223463685,668.3105464,0.24772627523429078,0.21522168878889866,0.7055074454125758,1.1444099999999935,-2.536994923491811,0.2443496083865939,0.04326435781043278,0.19379134901603579,,,,,,,,
0915_论文腕表_开机长记录,论文腕表,开机长记录,0915,Uc2,360.0,0.001372274223463685,600.93154955,0.2269994841805404,0.14872396423671788,0.5118671642198365,1.029965000000061,-3.546731539155185,0.13600926049548578,0.10859422528305353,0.13235048690484244,,,,,,,,
0915_论文腕表_开机长记录,论文腕表,开机长记录,0915,Ut1,370.0,0.0013858729324093464,1287.26867747,0.33338751537950034,0.32098752206621817,1.3304810752958303,2.594000000000051,-1.8713237180819218,0.3405686641191258,0.0498307443828294,0.1140385462005449,0.2885129685584912,0.05179042213871345,0.23861388409880893,224.12801119773616,68.40073077437611,0.1621824507821765,33.300000000000004,"33.3,40.0,6.7,26.7,19.5"
0915_论文腕表_开机长记录,论文腕表,开机长记录,0915,Ut2,370.0,0.0013858729324093464,1157.7242279099999,0.6164663815564623,0.4723519927594479,1.7700403977028656,3.7384099999999307,-8.229173660574519,0.4899430548152106,0.1580793144210565,0.09670970442744607,0.41555675602610215,0.08446140430682134,0.34355285666454166,358.942782752584,68.34809799432145,0.23379232698395014,33.300000000000004,"33.3,40.0,6.7,26.7,20.0"
0915_论文腕表_开机长记录,论文腕表,开机长记录,0915,Uc1,370.0,0.0013858729324093464,668.0648813,0.1656742837201194,0.16273309101325426,0.5510264248844805,0.9918199999999615,-0.6427607920798799,0.16111491391506555,0.037571530415460005,0.17111231074329059,,,,,,,,
0915_论文腕表_开机长记录,论文腕表,开机长记录,0915,Uc2,370.0,0.0013858729324093464,600.3074649,0.21846609811305298,0.12367709390518947,0.4373200430512269,0.9536749999998619,-3.724466894689064,0.0746383459657967,0.078170059993348,0.07741708258820511,,,,,,,,
0915_论文腕表_开机长记录,论文腕表,开机长记录,0915,Ut1,380.0,0.0014119069963169353,1286.8405917200002,0.31146771312538796,0.27743612107609383,1.2009474942921425,2.517699999999877,-2.9409535070336377,0.27100594330892475,0.07046135896963214,0.09838219865182118,0.21167458944027426,0.06707025767110383,0.10739546719083407,164.49169446648284,25.741535602391096,0.18240708714732318,33.300000000000004,"33.3,40.0,13.3,6.7,20.0"
0915_论文腕表_开机长记录,论文腕表,开机长记录,0915,Ut2,380.0,0.0014119069963169353,1156.57958963,0.5623950876209243,0.45447068797924534,1.7786400686029025,3.4332299999998668,-6.882028562071239,0.46646990892568235,0.17301919905611438,0.13419064727895155,0.3805434477468491,0.09473423828642272,0.2893696944243108,329.024868810445,57.822597107835136,0.2471406392559505,33.300000000000004,"33.3,20.0,46.7,13.4,40.0"
0915_论文腕表_开机长记录,论文腕表,开机长记录,0915,Uc1,380.0,0.0014119069963169353,667.9214484,0.13936903463684217,0.12944929880651695,0.5163394310771906,0.7629400000001851,-1.0679740053999442,0.09982911075708126,0.057208870165962586,0.11152080376569162,,,,,,,,
0915_论文腕表_开机长记录,论文腕表,开机长记录,0915,Uc2,380.0,0.0014119069963169353,599.7398377,0.19180157998187547,0.1204216511601545,0.4297532385402859,0.7629399999998441,-3.0874636183629534,0.07079812418599885,0.08455671866862124,0.06428781694385854,,,,,,,,
0915_论文腕表_开机长记录,论文腕表,开机长记录,0915,Ut1,390.0,0.0014052231789929094,1287.02133211,0.4423807086911438,0.3579884071899471,1.600609445781663,2.8991699999999128,5.3991004941009235,0.2379615807086242,0.16019982072129246,0.094207394429224,0.205885927013496,0.08128083771977021,0.06527118471080308,159.9708737352142,10.050546254401821,0.19526568410413242,40.0,"40.0,26.7,33.3,13.3,6.7"
0915_论文腕表_开机长记录,论文腕表,开机长记录,0915,Ut2,390.0,0.0014052231789929094,1156.4286040999998,0.7071757199772308,0.5902397589120971,2.420385016791533,4.272469999999885,8.091674733910928,0.4800676232272557,0.32524259716856857,0.11030861519858852,0.39925570439278213,0.09068025174721275,0.3111941221499083,345.24890077715276,60.75199039116167,0.2501266395838807,33.300000000000004,"33.3,20.0,40.0,13.3,6.7"
0915_论文腕表_开机长记录,论文腕表,开机长记录,0915,Uc1,390.0,0.0014052231789929094,668.0572509000001,0.24016734172344373,0.1751044439101074,0.6618377680107981,1.0681100000001607,3.3994926012601883,0.09422345769125079,0.08646097253397106,0.0762966629766887,,,,,,,,
0915_论文腕表_开机长记录,论文腕表,开机长记录,0915,Uc2,390.0,0.0014052231789929094,599.69825715,0.2997261273424841,0.19846907521751686,0.7379852156299532,1.068114999999807,4.645084266427189,0.04084477520274249,0.16142193740946476,0.057441353095125255,,,,,,,,
0915_论文腕表_开机长记录,论文腕表,开机长记录,0915,Ut1,400.0,0.001373877259829546,1286.3291932500001,0.29112227511478156,0.2698410739266314,1.0910930353863526,2.4413999999999305,-2.2698133552874813,0.23618004101611834,0.09719275628034281,0.1065858471291666,0.2143384532656045,0.07233032815123751,0.05994279298938106,166.6279941327177,7.821206718231304,0.20578589387254884,40.0,"40.0,13.3,20.0,6.7,26.7"
0915_论文腕表_开机长记录,论文腕表,开机长记录,0915,Ut2,400.0,0.001373877259829546,1155.57701135,0.6065854442099654,0.4566531434487432,1.7168542904480826,3.81470000000013,-8.294453988174123,0.48208729594478456,0.16576394901466696,0.1201579151829791,0.4100857655058705,0.0932079301347719,0.32039389361479975,354.87532330431947,61.04063895846797,0.25596501324377163,33.300000000000004,"33.3,40.0,6.7,20.0,26.6"
0915_论文腕表_开机长记录,论文腕表,开机长记录,0915,Uc1,400.0,0.001373877259829546,667.7871704,0.11698423719185962,0.107839122883571,0.4382283688120849,0.6103600000001279,-0.9377702970282058,0.08843042918626241,0.04539850459361482,0.09321460404904719,,,,,,,,
0915_论文腕表_开机长记录,论文腕表,开机长记录,0915,Uc2,400.0,0.001373877259829546,599.2988583000001,0.21522060424016518,0.09402609167162704,0.36510284739871957,0.8010849999999436,-4.003826030603148,0.04932245054898048,0.08228452057809102,0.0630771099037039,,,,,,,,
0915_论文腕表_开机长记录,论文腕表,开机长记录,0915,Ut1,410.0,0.0014042517430728845,1286.0241696,0.31211378187205013,0.27624475039239177,1.1853559327046068,2.3651099999999587,-3.0179058555873133,0.23910362609172323,0.050126723105297546,0.14276700550653318,0.21813876090503004,0.06577144796281324,0.06928938974936114,169.62259812961298,10.08945689019673,0.20684172566806483,26.700000000000003,"26.7,6.7,40.0,20.0,33.3"
0915_论文腕表_开机长记录,论文腕表,开机长记录,0915,Ut2,410.0,0.0014042517430728845,1154.40032922,0.5775679903570445,0.4352006702454812,1.6575742798929411,2.975460000000112,-7.888330837452113,0.41940691652472584,0.21416087268851688,0.14484751434119614,0.3587531667624612,0.08839498149693605,0.2924612387779535,310.77015285058167,66.45767502739866,0.20777453759919473,33.300000000000004,"33.3,40.0,26.7,20.0,6.7"
0915_论文腕表_开机长记录,论文腕表,开机长记录,0915,Uc1,410.0,0.0014042517430728845,667.6750194,0.1284786177692035,0.12023610797448574,0.45594022117019783,0.6866400000000112,-0.9364005760555999,0.11085229224497323,0.027213469290011817,0.11699218190083827,,,,,,,,
0915_论文腕表_开机长记录,论文腕表,开机长记录,0915,Uc2,410.0,0.0014042517430728845,598.76785165,0.22078950495325433,0.12329714634297367,0.5049828667784424,0.8773800000000165,-3.7879164176420295,0.060010080306423505,0.10087347781118168,0.09088419513318317,,,,,,,,
0915_论文腕表_开机长记录,论文腕表,开机长记录,0915,Ut1,420.0,0.0013630677879558596,1285.5998988699998,0.27539729160514015,0.2580650635641556,1.1072027928993577,3.3569299999999203,-1.9975788028180828,0.23062576074491337,0.04475680469336403,0.09615811869657766,0.21329344918130747,0.05995313667092808,0.07223989896102215,165.9096654945177,11.470945731995808,0.20068754934414915,26.700000000000003,"26.7,6.7,20.0,33.3,13.3"
0915_论文腕表_开机长记录,论文腕表,开机长记录,0915,Ut2,420.0,0.0013630677879558596,1153.0923465199999,0.4816225261290955,0.3808491109093939,1.379070064019919,3.2043499999999767,-6.124494291293758,0.42006901458405205,0.047177578174821926,0.08555589024936659,0.3566723402742872,0.08446990127865656,0.2966409634583792,309.31810565798503,69.17089312770867,0.19803862531138072,33.300000000000004,"33.3,40.0,20.0,46.7,26.7"
0915_论文腕表_开机长记录,论文腕表,开机长记录,0915,Uc1,420.0,0.0013630677879558596,667.5186162999998,0.13522413394553692,0.1301529577843377,0.48455042417487554,0.7629399999999578,-0.7586950495062297,0.12599576126027073,0.03363256354693439,0.11402043691216783,,,,,,,,
0915_论文腕表_开机长记录,论文腕表,开机长记录,0915,Uc2,420.0,0.0013630677879558596,598.15979045,0.1427336792508215,0.0736809153166755,0.28412245118583995,0.6103550000000268,-2.528220756075549,0.04879818935389088,0.027910143339029022,0.058573254172894385,,,,,,,,
0915_论文腕表_开机长记录,论文腕表,开机长记录,0915,Ut1,430.0,0.001413520335540969,1285.34088067,0.2604882531952324,0.24863956886319014,1.111672597095753,2.212530000000015,-1.613516141879489,0.22310647597362868,0.05048278726606904,0.107290923123759,0.21606126740283924,0.06637313376463852,0.07153156790465011,168.0964720348851,10.960784781754148,0.20387669328499428,40.0,"40.0,26.7,6.7,13.3,20.0"
0915_论文腕表_开机长记录,论文腕表,开机长记录,0915,Ut2,430.0,0.001413520335540969,1152.57980358,0.41901534256024886,0.3963273392998091,1.5081052279858056,2.9754599999998845,-2.8254853600495986,0.42559884816269894,0.08168643650721603,0.13821674689758748,0.35687633980437966,0.07804555881930833,0.29075968462417817,309.63265076821125,66.3793302467709,0.2069287986468281,33.300000000000004,"33.3,40.0,26.7,20.0,6.7"
0915_论文腕表_开机长记录,论文腕表,开机长记录,0915,Uc1,430.0,0.001413520335540969,667.4453735999999,0.10413610737697218,0.10086411391686441,0.41592570715276034,0.534059999999954,-0.5356295949592691,0.09280993649994615,0.03024971864736862,0.09980967273700875,,,,,,,,
0915_论文腕表_开机长记录,论文腕表,开机长记录,0915,Uc2,430.0,0.001413520335540969,597.9759218,0.1024711641318631,0.0874295287760946,0.3477550732389572,0.5340600000000677,-1.1053300810084292,0.0627056701085329,0.043160094261082395,0.0777982217824708,,,,,,,,
0915_论文腕表_开机长记录,论文腕表,开机长记录,0915,Ut1,440.0,0.0018265849840168268,1284.90562417,0.34460980177032974,0.28779987958060593,1.209635621793376,2.4414099999999053,-3.937641619993265,0.21891476863742948,0.16489329084745138,0.08496718448176609,0.21227661713293322,0.06412572144797003,0.0671859813418528,165.20794456795673,10.017353826757658,0.20136386491258584,26.700000000000003,"26.7,6.7,40.0,20.0,13.3"
0915_论文腕表_开机长记录,论文腕表,开机长记录,0915,Ut2,440.0,0.0018265849840168268,1152.01843222,0.4087466048407579,0.39956817396184824,1.557459754343216,2.7465799999999945,-1.7893665527298936,0.4167275938160931,0.1168855516217549,0.09745193619318725,0.3508818729586525,0.08159954466156316,0.2809879058376247,304.5800858259574,64.12884086747552,0.21015205338982085,33.300000000000004,"33.3,40.0,26.7,6.7,20.0"
0915_论文腕表_开机长记录,论文腕表,开机长记录,0915,Uc1,440.0,0.0018265849840168268,667.2874450999999,0.15214688225789005,0.13072441767221474,0.514394035340473,0.6866500000000997,-1.609942430243882,0.10114607045847387,0.09285584618743078,0.09205634937914205,,,,,,,,
0915_论文腕表_开机长记录,论文腕表,开机长记录,0915,Uc2,440.0,0.0018265849840168268,597.7424622,0.11659472244787585,0.11251430899875983,0.47603048087928496,0.6103500000002668,-0.6323454185424972,0.06728529276786197,0.05713090426238012,0.09787952558341634,,,,,,,,
0915_论文腕表_开机长记录,论文腕表,开机长记录,0915,Ut1,450.0,0.0017297361726988259,1284.6501165799998,0.26868950031492544,0.2615102414548275,1.125807646836472,2.7465799999999945,-1.2816941350578996,0.23537645537254445,0.04622145325810881,0.10284152693400707,0.20887141785695237,0.06769133304136728,0.06618512626763762,162.59012096850978,10.04067185416859,0.19810804693023062,13.3,"13.3,26.7,40.0,20.0,33.3"
0915_论文腕表_开机长记录,论文腕表,开机长记录,0915,Ut2,450.0,0.0017297361726988259,1151.56967122,0.4943037459198001,0.4007193031741839,1.6347533984787561,3.280640000000176,-6.012343346022769,0.42210343419138247,0.11888959859778189,0.11956583410737807,0.34629483623373614,0.07523814948851044,0.277295030915083,300.7154885095778,64.11979763903275,0.2074309027892259,33.300000000000004,"33.3,20.0,40.0,13.3,26.7"
0915_论文腕表_开机长记录,论文腕表,开机长记录,0915,Uc1,450.0,0.0017297361726988259,667.2149664000001,0.10673479464029521,0.10486910895155138,0.42841312649868224,0.6103499999999258,-0.41092471646938983,0.1015810606079694,0.03696828302125154,0.10941749047256345,,,,,,,,
0915_论文腕表_开机长记录,论文腕表,开机长记录,0915,Uc2,450.0,0.0017297361726988259,597.5353246999999,0.15000890570671924,0.07625006618159326,0.294294295567073,0.6103550000001405,-2.6717211521163398,0.046405030532390146,0.05144105665553611,0.05915071019300805,,,,,,,,
0915_论文腕表_开机长记录,论文腕表,开机长记录,0915,Ut1,460.0,0.0015101168071054339,1284.52484195,0.27895608642947944,0.26996928095250705,1.1295157392825386,2.8991699999999128,-1.4590969711357722,0.2546392207931962,0.07034326237859906,0.10232419723607158,0.22757770667722382,0.07681849387378734,0.08022484259721953,177.1687858770755,12.426771536118085,0.21296851224234037,26.700000000000003,"26.7,33.3,40.0,20.0,13.3"
0915_论文腕表_开机长记录,论文腕表,开机长记录,0915,Ut2,460.0,0.0015101168071054339,1150.81016604,0.4431783167980982,0.3959612259455986,1.44833151508314,3.051759999999831,-4.135152599471093,0.41229522623900616,0.1368166239294665,0.10843036528955,0.36383842754479223,0.07861956726022488,0.29776431946123694,316.1585101361938,66.97738379862714,0.20908087290341376,33.300000000000004,"33.3,40.0,26.7,20.0,13.5"
0915_论文腕表_开机长记录,论文腕表,开机长记录,0915,Uc1,460.0,0.0015101168071054339,667.2271736000001,0.1248138912198963,0.12435620708675763,0.47749913564362884,0.7629399999998441,-0.2208574617459656,0.11791984296823783,0.05877669930887046,0.11239747588200413,,,,,,,,
0915_论文腕表_开机长记录,论文腕表,开机长记录,0915,Uc2,460.0,0.0015101168071054339,597.21183785,0.1589453048598618,0.13024361415157198,0.5305328443091213,0.8010900000000447,-1.8841945814577274,0.0877626499990013,0.11132133673470611,0.08448594724328393,,,,,,,,
0915_论文腕表_开机长记录,论文腕表,开机长记录,0915,Ut1,470.0,0.0013874512231738805,1284.4447332099999,0.37898955465465356,0.3755621398393051,1.4775593283774184,3.509520000000066,1.056459052656486,0.24747968186516964,0.17730055689025395,0.11039680240441764,0.2334555930440089,0.07379195880309357,0.09999656745065114,181.7560436878993,18.346854577181986,0.2109554465322412,33.300000000000004,"33.3,26.7,6.7,20.0,13.3"
0915_论文腕表_开机长记录,论文腕表,开机长记录,0915,Ut2,470.0,0.0013874512231738805,1150.2573398799998,0.42092591210481506,0.4208982704267729,1.598788418438272,2.3651099999999587,-0.10021153980662294,0.31001588635398214,0.27474537028633383,0.16317728389000852,0.2803614839799898,0.05463862879201948,0.23564489525609378,243.73805257286025,70.64466533873212,0.15190143198537218,33.300000000000004,"33.3,40.0,19.9,26.6,13.4"
0915_论文腕表_开机长记录,论文腕表,开机长记录,0915,Uc1,470.0,0.0013874512231738805,667.2370917000001,0.19151064680718985,0.18546958731611085,0.7099240273178875,1.1444099999999935,0.9869542754263065,0.12899300688897514,0.08130574351722376,0.12554912025798198,,,,,,,,
0915_论文腕表_开机长记录,论文腕表,开机长记录,0915,Uc2,470.0,0.0013874512231738805,596.9840998999999,0.18372311467572283,0.18234354421490517,0.5953858344674215,0.8773799999997891,0.46476478847723857,0.06885050374201265,0.15913043195094312,0.09038197471687202,,,,,,,,
0915_论文腕表_开机长记录,论文腕表,开机长记录,0915,Ut1,480.0,0.001368292693232054,1285.22361708,0.4252765833144216,0.33755869186322307,1.3058467135148695,3.967279999999846,5.373834785748453,0.31165103350764894,0.10899291526513803,0.09628389435057888,0.26747239354822316,0.06502840185706964,0.17876198184900802,208.11350646972593,44.66757686485405,0.1989613911185547,33.300000000000004,"33.3,20.0,26.7,6.7,29.3"
0915_论文腕表_开机长记录,论文腕表,开机长记录,0915,Ut2,480.0,0.001368292693232054,1151.69609042,0.37644887085552553,0.2666030045108178,1.0408278063097833,2.6702900000000227,5.5212790647240615,0.18299813781537705,0.153715487629072,0.08101846799435093,0.1536840069270562,0.05579754755310457,0.05752686426406124,133.4414592577203,14.01148135011439,0.14251117104669278,13.3,"13.3,6.7,33.3,26.7,20.0"
0915_论文腕表_开机长记录,论文腕表,开机长记录,0915,Uc1,480.0,0.001368292693232054,667.7268989,0.2679254326419477,0.2134837623990391,0.8331688733170011,1.6784600000000864,3.348143762377913,0.2121505227629738,0.06994712679045498,0.19387870983788638,,,,,,,,
0915_论文腕表_开机长记录,论文腕表,开机长记录,0915,Uc2,480.0,0.001368292693232054,597.8481300999999,0.22189409872273919,0.14568577681700734,0.47298882788779784,1.106260000000134,3.4614514851506653,0.10078135112946153,0.10256848085936415,0.11637242445846098,,,,,,,,
0915_论文腕表_开机长记录,论文腕表,开机长记录,0915,Ut1,490.0,0.001397298116095967,1285.53321772,0.3709924735997601,0.36964704412685545,1.4647178996875527,2.441400000000158,0.6557808699383765,0.37420678773960253,0.163979216602621,0.09574850288756244,0.32222976061518926,0.05950685812015513,0.25272152853102203,250.65844754030587,61.51105586517814,0.19990959867666686,33.300000000000004,"33.3,6.7,26.7,40.0,20.0"
0915_论文腕表_开机长记录,论文腕表,开机长记录,0915,Ut2,490.0,0.001397298116095967,1152.0317076100002,0.34523654275474197,0.34461900737506856,1.4202603594394985,2.5177000000001044,0.42878031411000994,0.18964331378264462,0.3057611080110763,0.1023542571172924,0.17696319173434555,0.06176025692728628,0.06406616485705259,153.6096537667983,13.106645965096053,0.16495907901451104,26.700000000000003,"26.7,6.7,13.3,33.3,20.0"
0915_论文腕表_开机长记录,论文腕表,开机长记录,0915,Uc1,490.0,0.001397298116095967,667.9611209,0.22810992002617855,0.2269870102093228,0.9425212374137678,1.2207000000003063,0.4675257965779468,0.2325767343960584,0.07353433234484213,0.18399689333892574,,,,,,,,
0915_论文腕表_开机长记录,论文腕表,开机长记录,0915,Uc2,490.0,0.001397298116095967,598.0686189,0.1905805452202524,0.1885880385069581,0.6507846175069147,0.6866500000000997,0.5684565256539041,0.11118360793916059,0.18129291365775627,0.10387096550006562,,,,,,,,
0915_论文腕表_开机长记录,论文腕表,开机长记录,0915,Ut1,500.0,0.001347919646589789,1284.73403932,0.7163970839410256,0.48825420883089554,1.872664112507499,4.348760000000084,-10.890779503737559,0.4253968096317157,0.3106355701787332,0.10646458790710006,0.3501405072958327,0.06938814671370075,0.27837901651932395,272.53929340983245,63.2103622364257,0.21237584140178709,33.300000000000004,"33.3,26.7,6.7,20.0,40.0"
0915_论文腕表_开机长记录,论文腕表,开机长记录,0915,Ut2,500.0,0.001347919646589789,1151.09756512,0.8528671703405096,0.39962701494596453,1.4162894412754832,3.8909899999998743,-15.652253885934357,0.21275304800621536,0.32151656423919095,0.0776756951537777,0.21011760455090128,0.07674339756378037,0.08034564292117678,182.5367465954086,14.62176429208484,0.19414938940360252,26.700000000000003,"26.7,13.3,6.7,33.3,46.7"
0915_论文腕表_开机长记录,论文腕表,开机长记录,0915,Uc1,500.0,0.001347919646589789,667.5842287999999,0.40045143258979105,0.27635680836393095,1.0330270639154657,1.831050000000232,-5.993637731775081,0.2518155382357781,0.17237108820883898,0.21471273128508517,,,,,,,,
0915_论文腕表_开机长记录,论文腕表,开机长记录,0915,Uc2,500.0,0.001347919646589789,597.64938425,0.43426573226758974,0.21495435121454126,0.734126977593746,1.6403250000000753,-7.8038290009001345,0.14414190568495794,0.17075388031323893,0.13432086444865649,,,,,,,,
0915_论文腕表_开机长记录,论文腕表,开机长记录,0915,Ut1,510.0,0.0013859044537915576,1284.84413185,0.48693802265975134,0.48161443839640744,1.9917076555018691,3.12805000000003,1.4917239945686251,0.4636566625028481,0.13120171709771522,0.09845780176336702,0.40136260032190796,0.08662333506126402,0.3285072288938374,312.38232745321466,66.99093790001591,0.230596915637776,33.300000000000004,"33.3,26.7,6.7,40.0,20.0"
0915_论文腕表_开机长记录,论文腕表,开机长记录,0915,Ut2,510.0,0.0013859044537915576,1151.18705758,0.45963736486682744,0.4569003285102525,2.004013356997109,2.9754699999998593,-1.040495683780821,0.2058843157765585,0.22810228318576597,0.10858312107957166,0.20372294978076186,0.0729074599085344,0.08890622342228617,176.96772078816082,19.045150698097128,0.18329954638285756,33.300000000000004,"33.3,26.7,6.7,13.3,46.7"
0915_论文腕表_开机长记录,论文腕表,开机长记录,0915,Uc1,510.0,0.0013859044537915576,667.6757824,0.2763653233781685,0.26776004235035306,0.933406837029932,1.296989999999937,1.415184950495105,0.2709356926925056,0.07564556713727431,0.23454079068493744,,,,,,,,
0915_论文腕表_开机长记录,论文腕表,开机长记录,0915,Uc2,510.0,0.0013859044537915576,597.7275852999999,0.2476516639536361,0.24762243277656065,0.8641072023088299,1.1444100000001072,0.07869137713729298,0.14533563582978196,0.14473053818810314,0.1452888182107285,,,,,,,,
0915_论文腕表_开机长记录,论文腕表,开机长记录,0915,Ut1,520.0,0.001433678286619067,1283.90411403,0.49105636845585726,0.49064574975295244,1.8837898235385238,2.8228699999999662,0.41709411489597226,0.4980138481521359,0.22309967347055476,0.13560415509081009,0.4175302232394337,0.07920377302894446,0.3504145277331962,325.20358699440817,70.4349759961803,0.2270267518859669,33.300000000000004,"33.3,26.7,6.7,20.0,40.0"
0915_论文腕表_开机长记录,论文腕表,开机长记录,0915,Ut2,520.0,0.001433678286619067,1149.14222697,0.43387063229756345,0.4036705879804725,1.5006980595514392,3.2806399999999485,-3.303936714462047,0.20668960246603924,0.26683420677333597,0.11266922046203806,0.19735806152757526,0.05279779475115893,0.1054722106086148,171.7438075946082,28.560536119830864,0.16681072279459191,33.300000000000004,"33.3,6.7,26.7,13.3,20.0"
0915_论文腕表_开机长记录,论文腕表,开机长记录,0915,Uc1,520.0,0.001433678286619067,667.2332762999999,0.27375742236201245,0.2726308671179936,0.9386953427122875,1.0681200000000217,0.513107218722463,0.29796179562235364,0.11040751432776212,0.2365819997524849,,,,,,,,
0915_论文腕表_开机长记录,论文腕表,开机长记录,0915,Uc2,520.0,0.001433678286619067,596.7247010000001,0.23724368129551418,0.22385857760112393,0.7930661081652914,1.1825600000000804,-1.6247654725476237,0.15549835979396034,0.15158462304038903,0.14009095308248234,,,,,,,,
0915_论文腕表_开机长记录,论文腕表,开机长记录,0915,Ut1,530.0,0.0015092946644290949,1284.2538451399998,0.5228788275281874,0.5123575702049259,1.9018564956548856,3.2806399999999485,-2.168095571456078,0.5445213141363653,0.11050533622354504,0.10963417401080415,0.4490715822589578,0.06582902982497295,0.4004128893617325,349.67509262937295,79.50326263535658,0.20330962600317987,33.300000000000004,"33.3,26.7,6.7,20.0,29.3"
0915_论文腕表_开机长记录,论文腕表,开机长记录,0915,Ut2,530.0,0.0015092946644290949,1150.07820169,0.4556202070517875,0.4526956043601952,1.901765460886184,3.433230000000094,-1.0707219587665022,0.2827431949147968,0.18039735872595736,0.08910804757539634,0.2622360657388487,0.06440841385299516,0.19178768731494683,228.01585609874346,53.48803003286269,0.17884417007152895,33.300000000000004,"33.3,26.7,40.0,6.7,21.0"
0915_论文腕表_开机长记录,论文腕表,开机长记录,0915,Uc1,530.0,0.0015092946644290949,667.4453736999999,0.28031510579467167,0.27683353203650435,0.9206657174468773,1.1444099999999935,-0.9108660666083792,0.30100442028952773,0.04595874436200869,0.2520900036796632,,,,,,,,
0915_论文腕表_开机长记录,论文腕表,开机长记录,0915,Uc2,530.0,0.0015092946644290949,597.25799575,0.26110713651694617,0.25765319072611864,0.8983386229297564,1.1062650000000076,-0.8754318091816691,0.19717657483459464,0.08993915795327259,0.1549047282865251,,,,,,,,
0915_论文腕表_开机长记录,论文腕表,开机长记录,0915,Ut1,540.0,0.0013578751282900736,1283.10577375,0.5961940292567183,0.5037112701560941,1.7965779016402048,3.3569300000001476,-6.625716826954856,0.5454734447964255,0.10400911813795004,0.15065672364075722,0.45874102379117376,0.07750344029464157,0.4034408903454703,357.52393386124277,77.34365085054392,0.21835469975759264,33.300000000000004,"33.3,26.7,6.7,20.0,40.0"
0915_论文腕表_开机长记录,论文腕表,开机长记录,0915,Ut2,540.0,0.0013578751282900736,1147.7531432699998,0.8199259602788223,0.30268518586236964,1.20354246742047,3.967290000000048,-15.830181207976823,0.27254951889417434,0.10243165898349971,0.14487115769891007,0.22873538809007946,0.05450513533885839,0.16443083411982345,199.28970740032318,51.67729812161953,0.15900433502071057,33.300000000000004,"33.3,26.7,6.7,40.0,13.3"
0915_论文腕表_开机长记录,论文腕表,开机长记录,0915,Uc1,540.0,0.0013578751282900736,666.8792729,0.330816894620323,0.29092130666790394,0.9370645226519598,1.602170000000001,-3.257222286228374,0.32382390147758583,0.07043545880995239,0.28318114336779543,,,,,,,,
0915_论文腕表_开机长记录,论文腕表,开机长记录,0915,Uc2,540.0,0.0013578751282900736,596.0834496,0.42985917461520184,0.1854584212707134,0.6693213641268356,1.6784650000000738,-8.02014322232133,0.17770922936857877,0.07195436333935398,0.16619570919741794,,,,,,,,
0915_论文腕表_开机长记录,论文腕表,开机长记录,0915,Ut1,550.0,0.0013211445503844743,1282.4977106400002,0.4620327386555804,0.4562357836011304,1.5862338543203347,2.6702899999997953,1.5156874332928205,0.5085206525481181,0.10242900432581885,0.10193361168739974,0.42850637355445514,0.06454999950024791,0.3839121304397924,334.1186264891024,80.26923010396294,0.19033966554023918,33.300000000000004,"33.3,20.0,26.7,6.7,29.3"
0915_论文腕表_开机长记录,论文腕表,开机长记录,0915,Ut2,550.0,0.0013211445503844743,1146.25457749,0.5342523616725984,0.5271580750805938,1.9417423764291408,3.5858100000000377,-1.8026892793677203,0.32856510076572093,0.4388231640269159,0.10692436706570956,0.2851375405273511,0.058794577054177725,0.21083502755566724,248.75585766621606,54.673481724101414,0.1919687687453035,33.300000000000004,"33.3,26.7,40.0,6.7,20.0"
0915_论文腕表_开机长记录,论文腕表,开机长记录,0915,Uc1,550.0,0.0013211445503844743,666.6000371,0.2626428321569229,0.2601941283054216,0.8944658656765825,1.3732899999999972,0.7400012601258844,0.29061956342081136,0.06107777592342246,0.24572326712140918,,,,,,,,
0915_论文腕表_开机长记录,论文腕表,开机长记录,0915,Uc2,550.0,0.0013211445503844743,595.29342735,0.2564212275655091,0.25624679904441716,0.8842483424953486,1.0299700000000485,-0.19557261926262043,0.1539782962577496,0.2101192073032454,0.14166333994404118,,,,,,,,
0915_论文腕表_开机长记录,论文腕表,开机长记录,0915,Ut1,560.0,0.0013372570721861667,1281.74278273,0.42526963473292323,0.4248564430827207,1.57395821194267,2.8228800000001684,0.38935187658862264,0.44916375760132465,0.10893715053984684,0.09989235986626241,0.3811838381660418,0.05873750538707909,0.3508313469407421,297.3949557602763,84.70866245537421,0.14905866121342895,33.300000000000004,"33.3,20.0,17.1,13.4,46.7"
0915_论文腕表_开机长记录,论文腕表,开机长记录,0915,Ut2,560.0,0.0013372570721861667,1145.4238891300001,0.4061839135428262,0.40395223407501635,1.520084183611714,2.7465799999999945,0.883323427206471,0.38113705982418095,0.10860389982976103,0.09662900562625934,0.32560434607549144,0.06257406390097586,0.25333927406463175,284.2653703711403,60.53752443110051,0.2045419331082353,33.300000000000004,"33.3,6.7,40.0,26.7,20.0"
0915_论文腕表_开机长记录,论文腕表,开机长记录,0915,Uc1,560.0,0.0013372570721861667,666.2307737,0.21337506947641832,0.21219395386932582,0.7277394437894799,0.9155299999999897,0.46367362736326334,0.22004113205254403,0.06253876105843331,0.19000968356031836,,,,,,,,
0915_论文腕表_开机长记录,论文腕表,开机长记录,0915,Uc2,560.0,0.0013372570721861667,594.82994115,0.16754646185077973,0.1673475434953669,0.6287001588712596,0.80108499999983,0.16879994599279224,0.1317833860081727,0.07579152608405203,0.12626913006538532,,,,,,,,
0915_论文腕表_开机长记录,论文腕表,开机长记录,0915,Ut1,570.0,0.0013340290669255636,1281.2890627199997,0.6205171045812341,0.35029205638848976,1.3874173075500036,3.051759999999831,-10.640317055912329,0.2891967298766084,0.1906795444386359,0.12478022070856999,0.22551875211427527,0.06266266996063126,0.13915069856352008,176.0092696300163,38.07197988605498,0.1774705345809955,33.300000000000004,"33.3,40.0,6.7,20.0,13.3"
0915_论文腕表_开机长记录,论文腕表,开机长记录,0915,Ut2,570.0,0.0013340290669255636,1145.1321410700002,0.7829210415656714,0.48948508431619253,1.8672993605874297,4.04358000000002,-12.693879625601733,0.47548843224876824,0.23356289149062476,0.11643032851300736,0.4126150850225321,0.09574299228796722,0.3201648561235325,360.32093609475373,60.208403844572146,0.26027999018662407,33.300000000000004,"33.3,40.0,26.7,6.7,34.3"
0915_论文腕表_开机长记录,论文腕表,开机长记录,0915,Uc1,570.0,0.0013340290669255636,666.0095203,0.31698497006862614,0.17760951666718997,0.6969453434579577,1.22070999999994,-5.4299892349226635,0.12063124622441394,0.11795099248210071,0.12198825086447977,,,,,,,,
0915_论文腕表_开机长记录,论文腕表,开机长记录,0915,Uc2,570.0,0.0013340290669255636,594.6029672,0.3905225923380481,0.16752870509136084,0.5853801114042199,1.1825549999999794,-7.295662358235385,0.0674483907444503,0.13445310564853324,0.08534892862978351,,,,,,,,
0915_论文腕表_开机长记录,论文腕表,开机长记录,0915,Ut1,580.0,0.001342984764246016,1280.93116784,0.4777915314017407,0.29393854563360844,1.1761720348130718,2.6702900000000227,7.825153968920053,0.20611807429772647,0.17086528003187787,0.1040278055101736,0.19313029880683089,0.060750441966669684,0.06252822070065928,150.77336211008227,10.48217283669803,0.18272803269675245,40.0,"40.0,6.7,26.7,20.0,13.3"
0915_论文腕表_开机长记录,论文腕表,开机长记录,0915,Ut2,580.0,0.001342984764246016,1144.8371886399998,0.7872941921209048,0.47140969898185014,1.8710124288353882,3.8910000000000764,13.099381045620788,0.4034207382962409,0.26923218987365277,0.11476003289450845,0.3565897150428749,0.0951965649934656,0.2785697173552509,311.47635539904394,61.02814667867099,0.22260983232322498,33.300000000000004,"33.3,20.0,46.7,26.7,40.0"
0915_论文腕表_开机长记录,论文腕表,开机长记录,0915,Uc1,580.0,0.001342984764246016,665.8737169,0.25190230172335965,0.153257798489244,0.5763136653467,1.0681099999998196,4.134575877588527,0.11308453163652521,0.09974766315432752,0.12146344718749395,,,,,,,,
0915_论文腕表_开机长记录,论文腕表,开机长记录,0915,Uc2,580.0,0.001342984764246016,594.4618225,0.37901270291300604,0.1864174510966273,0.6589159471121002,1.2588550000000396,6.824855445544627,0.052707779244895704,0.1487547732257246,0.0783914817582468,,,,,,,,
0915_论文腕表_开机长记录,论文腕表,开机长记录,0915,Ut1,590.0,0.0012975946626904013,1281.8594363,0.307555093395614,0.23474574578151375,1.083045659139782,2.6702900000000227,4.127989108549834,0.21997676358383214,0.022507625177330386,0.0961458437838268,0.20696212867013206,0.06796313095203485,0.05689158872642374,161.4546203814001,7.5563898934673395,0.19898911989316337,40.0,"40.0,26.7,6.7,13.3,20.0"
0915_论文腕表_开机长记录,论文腕表,开机长记录,0915,Ut2,590.0,0.0012975946626904013,1146.5600583599999,0.5932298888114798,0.3879563239084346,1.5033169277177647,3.0517600000000584,9.323244324687263,0.42717398019302816,0.02608784157490147,0.10235941563029133,0.37016459249237715,0.0818973020693372,0.2958887390991222,322.8479745071949,63.89503685547871,0.22242230016205483,33.300000000000004,"33.3,40.0,26.7,20.0,6.7"
0915_论文腕表_开机长记录,论文腕表,开机长记录,0915,Uc1,590.0,0.0012975946626904013,666.3795468,0.15168184388187503,0.10594235455026407,0.4403923409301228,0.7629400000001851,2.2450197659759907,0.09638270211072202,0.04369744211712143,0.10085345096449368,,,,,,,,
0915_论文腕表_开机长记录,论文腕表,开机长记录,0915,Uc2,590.0,0.0012975946626904013,595.3849793999999,0.2481827542766518,0.06720130843830854,0.29975826310385095,0.9155250000000024,4.941036759677712,0.05673693400180113,0.014997023105859712,0.07107731859601847,,,,,,,,
0915_项目腕表_佩戴静息,项目腕表,佩戴静息,0915,Ut1,0.0,0.004182463482335961,1969.8850250900002,0.6837445627042429,0.6104797023133411,2.5909136653626996,6.1797999999998865,-6.397016440495234,0.5152871540664916,0.29651985057128016,0.2906325012735377,0.49135433612874163,0.15202501924604095,0.16998677841558626,249.43300236839593,11.968526907094589,0.4610136427443409,26.700000000000003,"26.7,6.7,13.3,33.3,46.7"
0915_项目腕表_佩戴静息,项目腕表,佩戴静息,0915,Ut2,0.0,0.004182463482335961,1577.96173105,1.3932618708654165,0.764009017763509,2.961748387094474,7.705690000000004,24.204146493867725,0.8305449817733204,0.23613446459330034,0.27246404295594184,0.6931931527533188,0.15095509915453467,0.5535220693578182,439.2965552415884,63.76191530548334,0.41728894756262686,33.300000000000004,"33.3,40.0,20.0,26.7,13.3"
0915_项目腕表_佩戴静息,项目腕表,佩戴静息,0915,Uc1,0.0,0.004182463482335961,1028.7481678200002,0.2597022581566253,0.2267716499643167,1.024937298019636,1.4800980000004529,-2.6176455445508755,0.11136047045237325,0.1721469426479373,0.19785968359537784,,,,,,,,
0915_项目腕表_佩戴静息,项目腕表,佩戴静息,0915,Uc2,0.0,0.004182463482335961,819.1934967000001,0.6682146442705122,0.22524505569355566,0.9955860563885095,2.265931999999907,13.010848691267478,0.13359835390249536,0.1722986693468941,0.18726980591509895,,,,,,,,
0915_项目腕表_佩戴静息,项目腕表,佩戴静息,0915,Ut1,10.0,0.0035860470138071258,1969.06440705,0.6987819138559065,0.6763835705552602,2.7104413202017383,4.95911000000001,-3.6459462746281868,0.539962832764592,0.19700923270012674,0.24926076029068087,0.5132007899917593,0.11501290010775239,0.2307455516770849,260.6317945488757,20.21585167133269,0.45840107027515065,33.300000000000004,"33.3,26.7,6.7,13.3,20.0"
0915_项目腕表_佩戴静息,项目腕表,佩戴静息,0915,Ut2,10.0,0.0035860470138071258,1581.5862275,1.1049377805069165,0.723752344937046,2.8977686388738446,5.722050000000081,17.34455028864151,0.7615597015492815,0.22933432917722774,0.19370078132340504,0.6059215558313004,0.09294685552636112,0.501615131505565,383.1100355426561,68.5343742271716,0.3398870277984707,33.300000000000004,"33.3,40.0,40.6,26.7,19.4"
0915_项目腕表_佩戴静息,项目腕表,佩戴静息,0915,Uc1,10.0,0.0035860470138071258,1028.4226987,0.32287544172836896,0.3213851308301585,1.1922837274376148,1.754765999999563,-0.6408411665189806,0.1635750469828596,0.1441058330342039,0.24959566215239076,,,,,,,,
0915_项目腕表_佩戴静息,项目腕表,佩戴静息,0915,Uc2,10.0,0.0035860470138071258,821.1591339999999,0.618125246331085,0.3675461049145121,1.3911914302565034,2.761837999999898,10.278262660666108,0.29533096313214763,0.15927971412064698,0.33165364938392405,,,,,,,,
0915_项目腕表_佩戴静息,项目腕表,佩戴静息,0915,Ut1,20.0,0.0035477529096695566,1969.11186189,0.6854104700595008,0.6244946051160126,2.72949928310308,4.501350000000002,5.868268203515575,0.5466948477733063,0.26088447428491573,0.3070548406660804,0.5194461378263487,0.12592775192196798,0.22038052481275022,263.79717063294316,17.999704807249078,0.4703793303132769,33.300000000000004,"33.3,26.7,13.3,6.7,46.7"
0915_项目腕表_佩戴静息,项目腕表,佩戴静息,0915,Ut2,20.0,0.0035477529096695566,1584.8512266500002,1.1366170744223167,0.6926943591822686,2.6820405551215574,5.645749999999907,18.72071118251634,0.7319746706711986,0.2039214764604201,0.18513471014366836,0.6191119296005176,0.1046875568418544,0.5155889488610342,390.64356274574334,69.35357540306528,0.3427354915763031,33.300000000000004,"33.3,40.0,20.0,46.7,26.7"
0915_项目腕表_佩戴静息,项目腕表,佩戴静息,0915,Uc1,20.0,0.0035477529096695566,1028.50021322,0.3114633129348991,0.23764838848228545,1.090730296705783,1.5563919999999598,4.163740219623097,0.13602576961282525,0.18142346418536992,0.2597480973599271,,,,,,,,
0915_项目腕表_佩戴静息,项目腕表,佩戴静息,0915,Uc2,20.0,0.0035477529096695566,822.9146576400001,0.6057195486457673,0.25806403689158974,1.0436185982486377,3.1814640000000054,11.333347873987478,0.2174873258777171,0.1648404146361896,0.23647534759153532,,,,,,,,
0915_项目腕表_佩戴静息,项目腕表,佩戴静息,0915,Ut1,30.0,0.00341434104820506,1969.9803924100001,0.7466973051224781,0.6874266078645873,2.7819770357934646,6.332389999999805,6.056729687975881,0.5526838423053873,0.20117001357128547,0.21375555858539733,0.4884415334750898,0.10722528409080977,0.23988410509782876,247.9423325008574,24.12002604252932,0.425477082514336,33.300000000000004,"33.3,26.7,6.7,13.3,20.0"
0915_项目腕表_佩戴静息,项目腕表,佩戴静息,0915,Ut2,30.0,0.00341434104820506,1587.8797913600001,0.93821161545523,0.5827591801180863,2.1918374454120224,5.340570000000071,15.274817120180105,0.6125099706642414,0.23205739787831256,0.2615767360285458,0.5275912010725603,0.08591044459619306,0.4165950213780054,332.26142428620795,62.34951263029907,0.3237299238752049,33.300000000000004,"33.3,26.7,19.3,40.0,40.2"
0915_项目腕表_佩戴静息,项目腕表,佩戴静息,0915,Uc1,30.0,0.00341434104820506,1029.0202324799998,0.3507723704872136,0.29482980139653236,1.1468846866340128,1.9531259999998838,3.930383078305833,0.1611849408420864,0.09404222170725877,0.14682068584663302,,,,,,,,
0915_项目腕表_佩戴静息,项目腕表,佩戴静息,0915,Uc2,30.0,0.00341434104820506,824.5395660899999,0.535063209111688,0.30251282147446457,1.2771676878034126,2.6321490000000267,9.127499978397962,0.21940068474591864,0.10681283065421839,0.19112563276541852,,,,,,,,
0915_项目腕表_佩戴静息,项目腕表,佩戴静息,0915,Ut1,40.0,0.0035945999693188894,1977.46017482,9.755527749094142,5.044998394216747,16.466552823633037,28.305049999999937,173.45957147141002,0.5824170037271292,5.640042504298943,0.5953611616460996,0.5022044162770637,0.10724523437118191,0.2515959325063145,253.96436432545465,25.098408086284223,0.4346363565953317,33.300000000000004,"33.3,26.7,6.7,13.3,20.0"
0915_项目腕表_佩戴静息,项目腕表,佩戴静息,0915,Ut2,40.0,0.0035945999693188894,1590.0949097199998,0.8663382709314035,0.6333182027008664,2.5387108030411865,5.1879899999999,12.280537921173831,0.597603055402736,0.15141225422391516,0.11852959620721573,0.5007003622383229,0.07969805837646121,0.419760012397788,314.8870920708069,70.28235687215553,0.272951249745072,33.300000000000004,"33.3,20.3,39.7,40.0,40.3"
0915_项目腕表_佩戴静息,项目腕表,佩戴静息,0915,Uc1,40.0,0.0035945999693188894,1032.95608534,5.101102568412123,2.6640096756218212,8.744942571122106,13.0004899999999,89.96862786678506,0.25767563767126733,2.974592204075686,0.3118439298124054,,,,,,,,
0915_项目腕表_佩戴静息,项目腕表,佩戴静息,0915,Uc2,40.0,0.0035945999693188894,825.7471464,0.37851283895597354,0.24691366372337842,1.13916103592401,1.5487649999998894,5.933294574255998,0.19715031298858432,0.2073662223048204,0.22369951206880972,,,,,,,,
0915_项目腕表_佩戴静息,项目腕表,佩戴静息,0915,Ut1,50.0,0.010489962898566872,1995.76789835,1.780273922540645,0.8354165077278147,3.231280748281318,7.858269999999948,32.65886926012411,0.6050302434536178,0.6647227437120906,0.3685607965023816,0.5595971192313245,0.08414760179804912,0.37456381072069966,280.3918830912007,44.80233915529601,0.41575339752115686,33.300000000000004,"33.3,26.7,6.7,20.6,19.4"
0915_项目腕表_佩戴静息,项目腕表,佩戴静息,0915,Ut2,50.0,0.010489962898566872,1592.39219671,0.8166898428221401,0.43700534342245945,1.8071179751746342,4.425050000000056,14.332839827204808,0.39632475270251094,0.19273804914088552,0.2409072333702278,0.31614539415817183,0.06733689113586355,0.17281344263159432,198.5348802960424,29.880050398504963,0.26473274125661617,33.300000000000004,"33.3,26.7,39.7,13.3,19.7"
0915_项目腕表_佩戴静息,项目腕表,佩戴静息,0915,Uc1,50.0,0.010489962898566872,1042.6502991000002,0.9865055634077158,0.4337068115799473,1.473950584062015,4.196166000000176,18.32488929613312,0.24327221818170153,0.3641497765089326,0.2781036931563463,,,,,,,,
0915_项目腕表_佩戴静息,项目腕表,佩戴静息,0915,Uc2,50.0,0.010489962898566872,826.8671417099998,0.48736873502414285,0.2993023839264904,1.0994743021563167,2.716064000000074,7.95487461746347,0.2854632772671928,0.1657548636298093,0.24181647609826623,,,,,,,,
0915_项目腕表_佩戴静息,项目腕表,佩戴静息,0915,Ut1,60.0,0.009198630310648784,2004.04655455,3.2769053991109813,0.8792522000340695,3.4271120768890677,15.869140000000016,65.57888395964243,0.6899276531912121,0.4535715424884777,0.17500100428038778,0.5622598558331047,0.09011045119080034,0.4377250353434947,280.56227264608515,60.60781385015596,0.35289224830675997,33.300000000000004,"33.3,6.7,26.7,19.9,40.0"
0915_项目腕表_佩戴静息,项目腕表,佩戴静息,0915,Ut2,60.0,0.009198630310648784,1594.0091705,0.6806965541552212,0.42987547872533854,1.8827606483628527,4.577639999999974,10.964282423155378,0.347814117688409,0.26484687327476997,0.21866601176574627,0.36325787151579003,0.0843894198332733,0.1127866644925648,227.88944896838035,9.640186560217778,0.3453048646208504,33.300000000000004,"33.3,20.0,26.7,6.7,13.3"
0915_项目腕表_佩戴静息,项目腕表,佩戴静息,0915,Uc1,60.0,0.009198630310648784,1046.99584968,1.6275143101326544,0.40185930221507726,1.5396546238234805,6.515502000000197,32.61717269487031,0.25605274636881625,0.23736262198801092,0.1496245316059435,,,,,,,,
0915_项目腕表_佩戴静息,项目腕表,佩戴静息,0915,Uc2,60.0,0.009198630310648784,827.74291954,0.46421224092472524,0.33919871096743864,1.3973327707085643,2.3117140000001655,6.554334012600517,0.27889744849711207,0.10899921006341091,0.26232423385723147,,,,,,,,
0915_项目腕表_佩戴静息,项目腕表,佩戴静息,0915,Ut1,70.0,0.004032385050368613,2011.0609435900003,1.879647972002968,0.8489837514076536,3.602430170079759,9.00269000000003,34.83821512360661,0.7232845398901104,0.5517666218896571,0.3893720285708153,0.6118052105295801,0.10094965678659402,0.4764276151871555,304.22012444706417,60.64116140234427,0.38382592814741373,33.300000000000004,"33.3,6.7,26.7,20.0,39.7"
0915_项目腕表_佩戴静息,项目腕表,佩戴静息,0915,Ut2,70.0,0.004032385050368613,1596.45385764,0.8809614525989151,0.5429215686302568,2.0809284717578236,4.27245999999991,14.412720424805602,0.38227098191330494,0.21704619837794356,0.09887977473234567,0.3417233263254706,0.10683298397651196,0.12211223265780966,214.05148961250413,12.769358894018454,0.3191605150864828,6.7,"6.7,26.7,33.3,13.3,46.7"
0915_项目腕表_佩戴静息,项目腕表,佩戴静息,0915,Uc1,70.0,0.004032385050368613,1050.7495119,1.0002115084576277,0.406363352511445,1.4455245031455823,3.3569360000001325,18.901676162016056,0.24960421618439604,0.3461789444608664,0.3138140148601514,,,,,,,,
0915_项目腕表_佩戴静息,项目腕表,佩戴静息,0915,Uc2,70.0,0.004032385050368613,829.0564735300002,0.49365390388142694,0.3455802715082072,1.3051659780972606,2.639770999999996,7.29057248244888,0.33133992036244636,0.20186155386327637,0.37505318011871,,,,,,,,
0915_项目腕表_佩戴静息,项目腕表,佩戴静息,0915,Ut1,80.0,0.0036943979082716544,2014.2969510300002,0.9275978187024316,0.8861426679176022,3.613864178482862,6.713870000000043,-5.69641548038762,0.9268338461840603,0.34599703537692356,0.27911010772449035,0.8268202708955598,0.16543886660065643,0.6060930727270512,410.47585882149576,53.73489561284094,0.5623903871476541,33.300000000000004,"33.3,20.0,40.0,19.5,26.7"
0915_项目腕表_佩戴静息,项目腕表,佩戴静息,0915,Ut2,80.0,0.0036943979082716544,1598.6154937400001,0.8971085988276564,0.5155197594889118,2.246051840123584,5.569449999999961,15.25234523385688,0.4463405377267094,0.2621990986364232,0.2284662557682744,0.3606154188422852,0.11987020244655035,0.13145390175562122,225.57983470973159,13.287962030860351,0.33580254915652485,26.700000000000003,"26.7,13.3,33.3,6.7,46.7"
0915_项目腕表_佩戴静息,项目腕表,佩戴静息,0915,Uc1,80.0,0.0036943979082716544,1052.46810984,0.3292594384833121,0.2893151930654484,1.0495773042548755,1.4038040000000365,-3.250905533749086,0.24505657872534686,0.20369775819861555,0.24554588579590936,,,,,,,,
0915_项目腕表_佩戴静息,项目腕表,佩戴静息,0915,Uc2,80.0,0.0036943979082716544,830.2218622000001,0.511583006033228,0.33405400563481236,1.0966734911924731,2.1209680000000617,8.013234124210443,0.34598796444813557,0.16082103215115745,0.26975108286035826,,,,,,,,
0915_项目腕表_稳定静置,项目腕表,稳定静置,0915,Ut1,0.0,0.0009053803299448631,1482.4534608800002,0.6145346697503316,0.5788106307425556,2.302807184332187,5.0353999999999814,4.289317315486222,0.40269435864198616,0.23036338109895912,0.1987599826298097,0.36660783686948184,0.11014175158956534,0.13984770520050985,247.29804108107345,14.551481100915312,0.3388863015884116,26.700000000000003,"26.7,6.7,13.3,33.3,20.0"
0915_项目腕表_稳定静置,项目腕表,稳定静置,0915,Ut2,0.0,0.0009053803299448631,1296.8993377999998,0.8017560359272052,0.679379530744107,2.4365507381916527,4.577629999999999,-8.844458802457543,0.4612189349009942,0.5606184338424324,0.19229206271805158,0.39588572815319795,0.068092677617137,0.2994643921273562,305.2555557818082,57.22037356405796,0.25893355827930215,33.300000000000004,"33.3,40.0,26.7,20.0,39.3"
0915_项目腕表_稳定静置,项目腕表,稳定静置,0915,Uc1,0.0,0.0009053803299448631,775.12573208,0.276225341655162,0.24663725686235943,0.9425290037160516,1.22070599999995,2.5723698001787034,0.08792315998332088,0.14457387362935895,0.14741655280691512,,,,,,,,
0915_项目腕表_稳定静置,项目腕表,稳定静置,0915,Uc2,0.0,0.0009053803299448631,674.6847527499999,0.3817840759763218,0.31929752690976837,1.2022972046611526,1.6174350000000004,-4.32871250044925,0.14418898354508802,0.33292753136892717,0.1448780782058454,,,,,,,,
0915_项目腕表_稳定静置,项目腕表,稳定静置,0915,Ut1,10.0,0.000918102545182525,1483.20487987,0.6059125626673171,0.5259307452080745,2.216652329921504,4.04358000000002,-6.250483637806088,0.4370471460759611,0.20713190618207017,0.1793471189974451,0.3821523316959023,0.07937770284338018,0.24115305653055288,257.65309761480637,39.821032285621975,0.29645506901820196,33.300000000000004,"33.3,26.7,6.7,13.3,20.0"
0915_项目腕表_稳定静置,项目腕表,稳定静置,0915,Ut2,10.0,0.000918102545182525,1296.76452631,0.6505524982568832,0.4958725097941715,1.889552178095038,3.662109999999984,8.748119879752764,0.29551940258815035,0.3651627269237685,0.25338904574659993,0.24928137784328605,0.04535518719668644,0.14423729006979702,192.23334135506244,33.4792280468885,0.2033145579951627,33.300000000000004,"33.3,39.7,20.3,40.3,20.7"
0915_项目腕表_稳定静置,项目腕表,稳定静置,0915,Uc1,10.0,0.000918102545182525,775.5920415400002,0.2717139709159927,0.24301883413194075,0.9675104701475219,1.2664780000001201,-2.513484781278532,0.12323021694290935,0.16039728208382562,0.1266623998625284,,,,,,,,
0915_项目腕表_稳定静置,项目腕表,稳定静置,0915,Uc2,10.0,0.000918102545182525,674.7178644500001,0.3889336043900557,0.27807549195577275,1.0265511370632074,2.098088999999959,5.623812136815925,0.1712263920790272,0.21109247239382614,0.20817067651075408,,,,,,,,
0915_项目腕表_稳定静置,项目腕表,稳定静置,0915,Ut1,20.0,0.0008536034824742233,1482.38258401,0.7007345659104373,0.6743320503177583,2.9532782520958447,5.798340000000053,-3.9583059373049676,0.6793987268371087,0.18415677432376262,0.20959755978473357,0.6181257450258686,0.12580868205836188,0.47336133375357303,416.9812514619362,58.64512213729398,0.39750281051940195,33.300000000000004,"33.3,6.7,26.7,20.0,40.0"
0915_项目腕表_稳定静置,项目腕表,稳定静置,0915,Ut2,20.0,0.0008536034824742233,1297.17681892,0.5682374919190532,0.5181854301138336,2.2692657170051005,3.662109999999984,-4.8443474097128485,0.2522889236447836,0.4355870463417222,0.2809146507085163,0.2503663261246503,0.06840517488503037,0.07447630145930953,193.00863419152037,8.848799794788778,0.23903258727231483,6.7,"6.7,13.3,26.7,33.3,46.7"
0915_项目腕表_稳定静置,项目腕表,稳定静置,0915,Uc1,20.0,0.0008536034824742233,775.2177428,0.26603762454300256,0.2475541765609804,1.0421701028856147,1.3885559999999941,-2.015030955894951,0.17599296403795694,0.13275307908590733,0.16142022097281655,,,,,,,,
0915_项目腕表_稳定静置,项目腕表,稳定静置,0915,Uc2,20.0,0.0008536034824742233,675.0352477900001,0.2705425123580815,0.2578437357411852,0.940904827650094,1.1596660000000156,-1.6940954707468756,0.19081391976693746,0.15107744675956278,0.20227055552600817,,,,,,,,
0915_项目腕表_稳定静置,项目腕表,稳定静置,0915,Ut1,30.0,0.0008551549837714793,1483.16322343,0.726805401962219,0.7161535666157407,2.82081217398441,6.02722000000017,-2.5755147882732112,0.6999593884506677,0.2898456431370611,0.23248893128974576,0.6067197667455453,0.11466998029604224,0.47405083941258325,409.07147450867217,61.048296683458666,0.37866169203128286,33.300000000000004,"33.3,26.7,6.7,40.0,20.0"
0915_项目腕表_稳定静置,项目腕表,稳定静置,0915,Ut2,30.0,0.0008551549837714793,1295.9912872799998,0.6593672797629756,0.6565566758280016,2.3709511016904328,3.7384000000001834,1.2633976250727679,0.2737921082554125,0.553465298370556,0.2724483141262292,0.25281911245232713,0.07165550043879995,0.07347848924236844,195.07778712227204,8.446963782158074,0.2419057982766051,6.7,"6.7,26.7,33.3,13.3,46.7"
0915_项目腕表_稳定静置,项目腕表,稳定静置,0915,Uc1,30.0,0.0008551549837714793,775.7185363200001,0.33467283188933844,0.31568034277883905,1.3010670166050593,1.937870000000089,-2.298511927991983,0.2424634804622247,0.1707766656015605,0.22291852001239293,,,,,,,,
0915_项目腕表_稳定静置,项目腕表,稳定静置,0915,Uc2,30.0,0.0008551549837714793,674.4210049299999,0.39395917889038223,0.3885324135347253,1.37663052259073,1.7013540000000376,1.3476947866794058,0.21505607935431556,0.38079514687592503,0.21884012035538417,,,,,,,,
0915_项目腕表_稳定静置,项目腕表,稳定静置,0915,Ut1,40.0,0.0008725670081250879,1483.21495079,1.0275587254958356,0.8448831974256993,3.4723955557502784,6.637569999999869,-12.149801944000124,0.8498458807902467,0.31667901888312805,0.273867136834294,0.7435728050942328,0.14089813461396788,0.579413053113105,501.32504712023433,60.71969117659543,0.46602685583328374,33.300000000000004,"33.3,26.7,40.0,6.7,9.9"
0915_项目腕表_稳定静置,项目腕表,稳定静置,0915,Ut2,40.0,0.0008725670081250879,1296.22444163,1.1327926601504543,0.7352154822048971,2.6825535201946593,5.2642799999998715,17.902964087090403,0.28223824934351466,0.6650291063844295,0.24480894097209402,0.26055101555646093,0.07312556886973996,0.09514483702696627,201.00763971771622,13.334751063198382,0.24255781103608098,33.300000000000004,"33.3,26.7,6.7,13.3,46.7"
0915_项目腕表_稳定静置,项目腕表,稳定静置,0915,Uc1,40.0,0.0008725670081250879,775.7820130800001,0.5269822322623227,0.3654328826086314,1.4692886421133449,2.5634799999997995,-7.852668284428262,0.2800914833655573,0.23726670154405402,0.27610617042151836,,,,,,,,
0915_项目腕表_稳定静置,项目腕表,稳定静置,0915,Uc2,40.0,0.0008725670081250879,674.5974732400001,0.5751525827844198,0.3941017176778119,1.4877557770091268,2.3727360000001454,8.663639186316228,0.25940887786089023,0.3383223892374237,0.23670150858722858,,,,,,,,
0915_项目腕表_稳定静置,项目腕表,稳定静置,0915,Ut1,50.0,0.0008954816855439833,1482.34504731,0.9499793778140371,0.8510547581511255,3.626843596988482,6.027230000000145,-8.768756320799788,0.8921131278444604,0.28525114088385745,0.26159431160577057,0.7860875955053831,0.1429701481253654,0.6382285597861823,530.3000114122485,65.91899574018409,0.4589095916198422,33.300000000000004,"33.3,6.7,26.7,40.0,23.4"
0915_项目腕表_稳定静置,项目腕表,稳定静置,0915,Ut2,50.0,0.0008954816855439833,1296.29409761,0.676890774344559,0.6754144989713459,2.8684241339653456,4.1198799999999665,-0.9282092520084138,0.2757905364733426,0.6306710705747758,0.26376050414801117,0.24560643585952457,0.06504989556386227,0.10504384812288957,189.46814331126973,18.292023914373914,0.22200970993889899,33.300000000000004,"33.3,6.7,26.7,13.3,46.7"
0915_项目腕表_稳定静置,项目腕表,稳定静置,0915,Uc1,50.0,0.0008954816855439833,775.3657524399999,0.42441134647733686,0.34039537200673137,1.2784655018948738,1.9378699999998616,-5.242494315031257,0.2933086212787202,0.19917636186243404,0.29609629528552744,,,,,,,,
0915_项目腕表_稳定静置,项目腕表,稳定静置,0915,Uc2,50.0,0.0008954816855439833,674.6946712100001,0.42352995460154563,0.4218835230913432,1.6389120319652335,1.8691989999998668,-0.7715918019782058,0.2618161527461503,0.39813317261298997,0.2597657171031713,,,,,,,,
0915_项目腕表_稳定静置,项目腕表,稳定静置,0915,Ut1,60.0,0.0008465199800720817,1481.9167327700002,0.8069941649946213,0.806353890171929,3.042628214172214,5.264280000000099,0.667685710693778,0.8138703783820305,0.22502491948234923,0.17465967243630975,0.6711752098251763,0.13336281493396035,0.5416824881961806,452.91020405081395,65.13550384792735,0.3963032226281589,33.300000000000004,"33.3,26.7,6.7,40.0,20.0"
0915_项目腕表_稳定静置,项目腕表,稳定静置,0915,Ut2,60.0,0.0008465199800720817,1296.2693786399998,0.9119452241381463,0.8122542724113399,2.9890438734394538,5.1879899999999,-8.612841651313122,0.2841821979988478,0.7644540256509448,0.2188312633308037,0.26843844495599223,0.07841324702554847,0.09060478049680556,207.08538624713051,11.392336292260271,0.25268552091783364,26.700000000000003,"26.7,33.3,6.7,13.3,20.0"
0915_项目腕表_稳定静置,项目腕表,稳定静置,0915,Uc1,60.0,0.0008465199800720817,775.1570121400001,0.28137245399943944,0.2785910294394254,1.0151074585027735,1.266475999999784,0.8161964140429413,0.25211462071092144,0.09306581316529533,0.2530973338185721,,,,,,,,
0915_项目腕表_稳定静置,项目腕表,稳定静置,0915,Uc2,60.0,0.0008465199800720817,674.6980281900001,0.5204956416477331,0.4841470734326919,1.845088907162551,2.2964519999998174,-3.952124892888986,0.26703732674879455,0.40572011610027836,0.2755978373457125,,,,,,,,
0915_项目腕表_稳定静置,项目腕表,稳定静置,0915,Ut1,70.0,0.0008709511134872461,1482.04605113,0.7932715582586911,0.7928261004913413,3.324539686451857,5.493169999999964,0.5521957563045412,0.8318957405606313,0.15001924401308575,0.22062301658373354,0.682174112288543,0.13136090337875764,0.5452168886449342,460.2921155981711,63.8775324607755,0.41000007782072306,33.300000000000004,"33.3,6.7,26.7,40.0,20.0"
0915_项目腕表_稳定静置,项目腕表,稳定静置,0915,Ut2,70.0,0.0008709511134872461,1295.3956607599998,0.6918316187302288,0.5890390505543891,2.5037762976499547,3.662109999999984,-7.538038190278296,0.2694049803806598,0.45693794774690133,0.2893626929607593,0.2499060400011631,0.06249153964089486,0.08418976292550084,192.9186947056353,11.349195250164756,0.23529792316892834,6.7,"6.7,33.3,26.7,13.3,46.7"
0915_项目腕表_稳定静置,项目腕表,稳定静置,0915,Uc1,70.0,0.0008709511134872461,775.2827451200001,0.29129102048629735,0.2845509984105949,1.0028667575014223,1.525880000000143,1.288437990998157,0.2555562190572672,0.11155459856609734,0.26670838105828504,,,,,,,,
0915_项目腕表_稳定静置,项目腕表,稳定静置,0915,Uc2,70.0,0.0008709511134872461,674.2756643600001,0.3762146678066917,0.3311103006828503,1.255644643415081,1.7776499999999942,-3.6940262538254665,0.2629587721210034,0.17678147391893165,0.2334949688179681,,,,,,,,
0915_项目腕表_稳定静置,项目腕表,稳定静置,0915,Ut1,80.0,0.0008626408552000661,1482.2443389900002,0.8765428830999646,0.8765255520466695,3.4340315771678265,5.41686999999979,0.11450824238497934,0.9289590613842403,0.2887071470130819,0.21319661640018672,0.7716288829693766,0.13048096285384717,0.6320652781029953,520.5814336219113,67.09758914796183,0.44261113547803005,33.300000000000004,"33.3,26.7,6.7,40.0,20.0"
0915_项目腕表_稳定静置,项目腕表,稳定静置,0915,Ut2,80.0,0.0008626408552000661,1295.12558005,0.7603427417561341,0.5502127162144309,2.3530355464104784,4.425050000000056,-10.901759401317648,0.2798381913139587,0.49822163508091294,0.3787523834032831,0.2454478430529203,0.05393003799081633,0.10226807666601624,189.51663594154667,17.360480317732392,0.2231275064943021,33.300000000000004,"33.3,26.7,6.7,13.3,39.6"
0915_项目腕表_稳定静置,项目腕表,稳定静置,0915,Uc1,80.0,0.0008626408552000661,775.41870068,0.31921533553781606,0.31085413844946164,1.1439155566797994,1.6479459999999335,1.5011000396027896,0.29129660870284524,0.16276513468522244,0.2817490719935511,,,,,,,,
0915_项目腕表_稳定静置,项目腕表,稳定静置,0915,Uc2,80.0,0.0008626408552000661,674.16473369,0.46198118719801823,0.37072922718119733,1.3643770123489036,1.823426000000154,-5.700976954094184,0.30052864864718115,0.21996378266170055,0.3553733508041641,,,,,,,,
0915_项目腕表_稳定静置,项目腕表,稳定静置,0915,Ut1,90.0,0.0008882097136207383,1483.5114288,1.3041607922203988,0.937555678604067,3.671853581854776,7.781980000000203,18.832780094141643,1.002567708250192,0.18198303927120826,0.3506121809429383,0.8394336506862531,0.13102086163899695,0.7078150781633877,565.8423888013212,71.0995529332654,0.4512722781525668,33.300000000000004,"33.3,26.7,40.0,6.7,43.2"
0915_项目腕表_稳定静置,项目腕表,稳定静置,0915,Ut2,90.0,0.0008882097136207383,1293.7400818600001,0.8010433007203561,0.5895166431178355,2.4006625223226874,4.348749999999882,-11.266843080515281,0.30191245604390476,0.2689765532472229,0.23746468893414505,0.2553551851908844,0.04296795117042275,0.1533703136674973,197.3775016877905,36.07391267224249,0.20416615167408225,33.300000000000004,"33.3,26.7,6.7,40.4,40.9"
0915_项目腕表_稳定静置,项目腕表,稳定静置,0915,Uc1,90.0,0.0008882097136207383,776.15341144,0.6437529334168239,0.3362303053850506,1.1409828178308856,2.6702900000001364,11.353481303329882,0.33642808308832645,0.08031794755044008,0.32188856593945486,,,,,,,,
0915_项目腕表_稳定静置,项目腕表,稳定静置,0915,Uc2,90.0,0.0008882097136207383,673.4837344599999,0.4783814788248529,0.40239744871008043,1.3852230215270378,2.1896379999999454,-5.350271323130669,0.3444512856809379,0.18773978203020128,0.3339036448299055,,,,,,,,
0915_项目腕表_开机长记录,项目腕表,开机长记录,0915,Ut1,0.0,0.0009786033958158308,1495.93368518,1.9677647015419333,0.6052053951999777,2.4115481237253107,9.002680000000055,-38.89734073422249,0.54629227314749,0.20510554608305723,0.2591668548158747,0.46411189424427546,0.08989617230070689,0.3540477695918225,310.2489761693084,58.194015888304186,0.3000833671266458,33.300000000000004,"33.3,6.7,26.7,19.0,20.0"
0915_项目腕表_开机长记录,项目腕表,开机长记录,0915,Ut2,0.0,0.0009786033958158308,1354.3701938,1.9849508295353888,0.36566050646668014,1.746305268043778,7.705690000000004,-40.53009372609927,0.24423887662472257,0.13612268504461025,0.2083097735177762,0.2277148018937017,0.0643321814017587,0.08090427699169235,168.13335300505614,12.622937714062527,0.2128580018837425,33.300000000000004,"33.3,26.7,6.7,13.3,46.7"
0915_项目腕表_开机长记录,项目腕表,开机长记录,0915,Uc1,0.0,0.0009786033958158308,775.9794613599998,0.9698025627325221,0.2581893195039039,0.9175476663965236,3.8146919999999227,-19.33307542754331,0.1985955827710697,0.11570693847442953,0.22082477013764543,,,,,,,,
0915_项目腕表_开机长记录,项目腕表,开机长记录,0915,Uc2,0.0,0.0009786033958158308,699.3161777100001,1.040677078425488,0.21246457373747013,0.8599662006900384,4.089362000000051,-21.069399643565827,0.16522144042827333,0.07043991912781329,0.19035682136854265,,,,,,,,
0915_项目腕表_开机长记录,项目腕表,开机长记录,0915,Ut1,10.0,0.0009503068209446307,1491.65550261,0.9772854904011662,0.5244663219170401,2.147932638275444,6.25610000000006,-17.131142138217907,0.4985251888696167,0.11317380992986945,0.22371667130147027,0.4522526805009426,0.07909699629760315,0.29801423781024006,303.1884236739789,43.4221903969754,0.34017642640645945,33.300000000000004,"33.3,6.7,26.7,13.3,20.0"
0915_项目腕表_开机长记录,项目腕表,开机长记录,0915,Ut2,10.0,0.0009503068209446307,1349.30267316,1.2002836218129507,0.3387401710227346,1.4957111457251926,6.561280000000124,-23.92137252514411,0.28862225905406935,0.08586696425374137,0.21365077412880704,0.23799045309710695,0.04249511162879694,0.13714686849239213,176.38033173071915,33.208764602521015,0.19449985148605323,33.300000000000004,"33.3,39.1,13.3,40.9,20.9"
0915_项目腕表_开机长记录,项目腕表,开机长记录,0915,Uc1,10.0,0.0009503068209446307,773.8189700800001,0.4649613089574987,0.2131502907750792,0.8481399151485419,2.365113999999835,-8.54612297389936,0.1656146080276713,0.06730576676666168,0.20659048288605722,,,,,,,,
0915_项目腕表_开机长记录,项目腕表,开机长记录,0915,Uc2,10.0,0.0009503068209446307,696.7744442699998,0.6036920224687014,0.2048867486262336,0.9371011880218415,2.5024459999999635,-11.744182743472733,0.17255571043287263,0.08126357951330355,0.19902688336863078,,,,,,,,
0915_项目腕表_开机长记录,项目腕表,开机长记录,0915,Ut1,20.0,0.0010023543463710594,1489.4586179500002,0.7242652870771582,0.49927648426038185,2.1299344568593366,4.95911000000001,-10.899703580385339,0.4430948322099115,0.11415384948047679,0.1845231297753203,0.40285475350885086,0.09292752993265344,0.2002270229208621,270.47059156521954,24.702925874502885,0.3495727273643148,33.300000000000004,"33.3,26.7,6.7,13.3,20.0"
0915_项目腕表_开机长记录,项目腕表,开机长记录,0915,Ut2,20.0,0.0010023543463710594,1345.7062531,1.0158670683944073,0.4116852774517952,1.7258706940793613,4.7302199999999175,-19.293218010089703,0.3804871010046557,0.18065992270644154,0.21037052888042404,0.35427670201551387,0.04708346646162239,0.2729757228714846,263.2645134845691,59.36942778900338,0.22582346271762738,33.300000000000004,"33.3,40.0,26.7,19.8,40.8"
0915_项目腕表_开机长记录,项目腕表,开机长记录,0915,Uc1,20.0,0.0010023543463710594,772.8198239200002,0.27306512779320086,0.17869392879967816,0.7441749750225084,1.26648200000011,-4.270260378038509,0.11365523475364907,0.08796410999234928,0.13707708833171015,,,,,,,,
0915_项目腕表_开机长记录,项目腕表,开机长记录,0915,Uc2,20.0,0.0010023543463710594,695.0167084599999,0.5011254834284155,0.22478366699632688,0.7668542902803168,2.3498570000001564,-9.262871215121578,0.18044339485766037,0.0735088653045774,0.1805956394173813,,,,,,,,
0915_项目腕表_开机长记录,项目腕表,开机长记录,0915,Ut1,30.0,0.0008467158782241674,1487.87323012,0.6971179761051832,0.5017551511466225,2.20282943400926,4.04358000000002,-10.053850216089073,0.4318873465315804,0.10488095765131673,0.1898910147958267,0.3943408974189284,0.09416701711031848,0.19645323376771687,265.0366237096181,24.81845390669948,0.3419223162055566,33.300000000000004,"33.3,26.7,6.7,13.3,20.0"
0915_项目腕表_开机长记录,项目腕表,开机长记录,0915,Ut2,30.0,0.0008467158782241674,1342.7072143599999,0.8686801944339397,0.4251752192707186,1.8027790831384718,3.967289999999821,-15.736819239863642,0.4029224837153963,0.11857938231486231,0.17473913294145305,0.3485690158544626,0.04998783172971732,0.2727742481959907,259.60165561529936,61.23915287603944,0.21701282988537948,33.300000000000004,"33.3,39.3,19.8,19.3,20.3"
0915_项目腕表_开机长记录,项目腕表,开机长记录,0915,Uc1,30.0,0.0008467158782241674,772.1856685799999,0.2691298146118164,0.194051069814375,0.8578250818533659,1.2817360000000235,-3.8566923996413798,0.11852697333773851,0.05740893590519334,0.15501274652985028,,,,,,,,
0915_项目腕表_开机长记录,项目腕表,开机长记录,0915,Uc2,30.0,0.0008467158782241674,693.6170195999999,0.41393006054368175,0.18543541848668255,0.7495669919602813,1.7395010000000184,-7.653587643564554,0.11153315355994214,0.08243044101815684,0.13302893243353692,,,,,,,,
0915_项目腕表_开机长记录,项目腕表,开机长记录,0915,Ut1,40.0,0.0008374834988795233,1486.5128322799999,0.5970156507597332,0.4682351771304406,2.2719126932153357,4.1961599999999635,-7.694418144733557,0.4300250604574965,0.14616325152927157,0.24133772075214663,0.4119196977493902,0.1324687189532677,0.15434747945841423,277.1047035750048,14.040221622965579,0.3819092732296289,26.700000000000003,"26.7,33.3,13.3,6.7,20.0"
0915_项目腕表_开机长记录,项目腕表,开机长记录,0915,Ut2,40.0,0.0008374834988795233,1340.17547589,0.9042805008519357,0.5462384065505164,2.279357476099068,4.653929999999946,-14.971095342485892,0.5343057457040317,0.1272354608162655,0.16324787628074267,0.4433119377711427,0.08329695196428129,0.36341599851995393,330.7864871029241,67.20308832112899,0.2538784870566042,33.300000000000004,"33.3,20.0,40.0,26.7,13.3"
0915_项目腕表_开机长记录,项目腕表,开机长记录,0915,Uc1,40.0,0.0008374834988795233,771.6589361800002,0.19027617130325541,0.1460930192448163,0.6204348546247018,0.9002679999998691,-2.521260032403801,0.09648626437985586,0.0914240251323341,0.15292582588662793,,,,,,,,
0915_项目腕表_开机长记录,项目腕表,开机长记录,0915,Uc2,40.0,0.0008374834988795233,692.4715425200002,0.3476563233543564,0.14001806969114133,0.6077573572475357,1.3427730000000793,-6.581120554455305,0.0896926792766023,0.11250237066816803,0.16195142223984246,,,,,,,,
0915_项目腕表_开机长记录,项目腕表,开机长记录,0915,Ut1,50.0,0.0008080163042666471,1485.49743676,0.5653679527639622,0.47471174950789435,2.1986774822380655,4.425050000000056,-6.379063251708528,0.4130405211141317,0.11458036368048259,0.14468781215529317,0.343214465338182,0.11291220336235801,0.11684338905182573,231.04345847055973,11.589831533420252,0.32271317241826036,26.700000000000003,"26.7,6.7,33.3,13.3,46.7"
0915_项目腕表_开机长记录,项目腕表,开机长记录,0915,Ut2,50.0,0.0008080163042666471,1337.79548635,0.8156683126845692,0.5412459983213652,2.241659797218631,4.577639999999974,-12.676832658872225,0.5624283165682298,0.24301982698568633,0.2434327188698585,0.474367101783301,0.09785428711917402,0.34711368832906875,354.5886547110049,53.544436939584294,0.3233206374929982,33.300000000000004,"33.3,20.0,13.3,26.7,46.7"
0915_项目腕表_开机长记录,项目腕表,开机长记录,0915,Uc1,50.0,0.0008080163042666471,771.3218697200001,0.23769175815271787,0.20753549025743417,0.7104872766936182,1.7547619999996869,-2.396408496850037,0.09189910129278746,0.07076213438248091,0.10468072476127965,,,,,,,,
0915_项目腕表_开机长记录,项目腕表,开机长记录,0915,Uc2,50.0,0.0008080163042666471,691.37367152,0.3173587532741259,0.19245291058305897,0.7773004929001555,1.4266920000001164,-5.218881634561002,0.07583206792602776,0.09768251876689184,0.10699363102555814,,,,,,,,
0915_项目腕表_开机长记录,项目腕表,开机长记录,0915,Ut1,60.0,0.0008041187509027463,1484.7273255599998,0.5199675361756341,0.4599507534787795,2.046553094993612,4.653930000000173,-5.03797631917496,0.4156842839355505,0.14594677933329497,0.21697546201032883,0.39536572917554225,0.11889541108618412,0.1372857538538286,266.28844392449014,12.057378737743779,0.3707649951051126,26.700000000000003,"26.7,13.3,6.7,33.3,20.0"
0915_项目腕表_开机长记录,项目腕表,开机长记录,0915,Ut2,60.0,0.0008041187509027463,1335.65055827,0.7894032547727132,0.5496305386273309,2.263453077551917,5.1879899999999,-11.771193121473281,0.5220301925680162,0.15911942437780538,0.11846801786126573,0.43359365004956785,0.08600584258132996,0.3406277348401254,324.63105515500973,61.7154906820238,0.26828380424653353,33.300000000000004,"33.3,26.7,40.0,20.0,6.7"
0915_项目腕表_开机长记录,项目腕表,开机长记录,0915,Uc1,60.0,0.0008041187509027463,771.1015330399999,0.15928632224044667,0.1467170822079089,0.6099303325873875,0.8392359999999144,-1.2826224158388826,0.08065474700778158,0.10444285986653518,0.14857811785181327,,,,,,,,
0915_项目腕表_开机长记录,项目腕表,开机长记录,0915,Uc2,60.0,0.0008041187509027463,690.4579925299997,0.3047421885698202,0.18759752305180316,0.836473743559466,1.602175000000102,-4.9667794815474675,0.09793125977944592,0.1797383073319125,0.15173502781436338,,,,,,,,
0915_项目腕表_开机长记录,项目腕表,开机长记录,0915,Ut1,70.0,0.0008738940388136484,1483.8973997599999,0.5687150186634748,0.5092219754977176,2.252049169483371,3.662109999999984,-5.260834205800219,0.4096341411757784,0.14780602959644415,0.0859067218590969,0.3669187180573993,0.11046019964374283,0.13881022320431616,247.26690545905896,14.3120936757477,0.3396484470667475,26.700000000000003,"26.7,33.3,6.7,13.3,20.0"
0915_项目腕表_开机长记录,项目腕表,开机长记录,0915,Ut2,70.0,0.0008738940388136484,1334.0103147999998,0.6728598352105748,0.48703579096882693,2.098461972988019,3.509520000000066,-9.64462272933576,0.5041360167148312,0.16100811100337903,0.14029148172749714,0.44739563619021083,0.09607503903982048,0.3151209443395802,335.3764444147391,49.610208358362215,0.31758722537371475,33.300000000000004,"33.3,20.0,40.0,26.7,46.7"
0915_项目腕表_开机长记录,项目腕表,开机长记录,0915,Uc1,70.0,0.0008738940388136484,770.8721927799999,0.2390425033148318,0.22123051839818203,0.9827414163006067,1.449583999999959,-1.872600374436905,0.09977583442978485,0.0766256669624331,0.08026204072290345,,,,,,,,
0915_项目腕表_开机长记录,项目腕表,开机长记录,0915,Uc2,70.0,0.0008738940388136484,689.7846226099999,0.24847664506008746,0.17606717246086867,0.6262020958730374,1.7089839999999867,-3.626103024302043,0.08880664472678988,0.06494386131997053,0.08856692238186564,,,,,,,,
0915_项目腕表_开机长记录,项目腕表,开机长记录,0915,Ut1,80.0,0.000876469572931115,1483.17474387,0.4664143770910993,0.46640185369804216,2.0623952652114212,3.967290000000048,0.07100417527335541,0.4122638182661052,0.16555525119182224,0.0953382567874679,0.3482589264759204,0.10484422542478526,0.12037101893675561,234.8064028970852,11.946463478518409,0.32679519223863707,26.700000000000003,"26.7,6.7,13.3,33.3,46.7"
0915_项目腕表_开机长记录,项目腕表,开机长记录,0915,Ut2,80.0,0.000876469572931115,1332.42568954,0.8443971254350698,0.5315708686303083,2.052016868642533,4.196170000000166,-13.629521206717815,0.5422754821791776,0.2690358081411928,0.17890036249457092,0.47767907797806963,0.1026318527151245,0.3527644866093371,358.50335349131643,54.53775733781146,0.32207843536199304,33.300000000000004,"33.3,20.0,40.0,26.7,46.7"
0915_项目腕表_开机长记录,项目腕表,开机长记录,0915,Uc1,80.0,0.000876469572931115,770.6625372399998,0.17656710870952247,0.17046331088572417,0.7242857137543921,0.8850139999997282,0.951842361836371,0.07874387202388404,0.08376977392451608,0.07292496141405673,,,,,,,,
0915_项目腕表_开机长记录,项目腕表,开机长记录,0915,Uc2,80.0,0.000876469572931115,689.07356267,0.3634543298086313,0.20757373900345977,0.7981956980346749,1.625063999999952,-6.170295117912192,0.0734793713688194,0.10742029911823217,0.08179232187148969,,,,,,,,
0915_项目腕表_开机长记录,项目腕表,开机长记录,0915,Ut1,90.0,0.000871350045075567,1483.0803684800003,0.5083282613297702,0.49893250589879184,2.0694849115646545,5.035400000000209,-2.020978278651519,0.4356514498027733,0.18483847423941716,0.08270658473715421,0.38894463867762863,0.12131047374691742,0.12833161971546755,262.2545931723549,10.886587624411563,0.36716335238865505,6.7,"6.7,26.7,13.3,33.4,46.7"
0915_项目腕表_开机长记录,项目腕表,开机长记录,0915,Ut2,90.0,0.000871350045075567,1330.27336082,0.8175373395524496,0.5137268113887518,2.1767491747943604,4.27245999999991,-13.211689644403444,0.53488089442082,0.2630622950089444,0.16958823327105108,0.44127286667150273,0.09178995754577918,0.3379426009227052,331.71593122747015,58.65046185429252,0.2837543679700508,33.300000000000004,"33.3,26.7,40.0,6.7,13.3"
0915_项目腕表_开机长记录,项目腕表,开机长记录,0915,Uc1,90.0,0.000871350045075567,770.7858283600002,0.18052608463076864,0.18051969032330004,0.8131351456393643,0.9307879999997795,0.03142382718332629,0.08225675837512489,0.10426198593144298,0.07388304519397547,,,,,,,,
0915_项目腕表_开机长记录,项目腕表,开机长记录,0915,Uc2,90.0,0.000871350045075567,688.1327056199999,0.38216892402122954,0.19145136688057565,0.7937561740965404,1.4419509999999036,-6.840514642664671,0.0880744597858691,0.12416430904249708,0.09118130198758605,,,,,,,,
0915_项目腕表_开机长记录,项目腕表,开机长记录,0915,Ut1,100.0,0.0009212065396529388,1483.20625315,0.4129785387841262,0.41187903971118933,1.6974322049758481,3.509520000000066,0.6256216263030874,0.3924499253890095,0.1380411153545355,0.047247616229130034,0.409390906430393,0.1251737814443877,0.1539447056011702,276.017516485612,14.14012118379602,0.3793440943065647,26.700000000000003,"26.7,33.3,13.3,6.7,20.0"
0915_项目腕表_开机长记录,项目腕表,开机长记录,0915,Ut2,100.0,0.0009212065396529388,1328.27995291,0.7858577545671088,0.5069911455514462,2.137412631743433,3.967289999999821,-12.473748335628636,0.499537952091258,0.244864311871201,0.07077320917406608,0.442946146285621,0.07889384348187253,0.32964021008511485,333.4734860036193,55.383259167443,0.2958692623513367,33.300000000000004,"33.3,40.0,20.0,39.7,20.3"
0915_项目腕表_开机长记录,项目腕表,开机长记录,0915,Uc1,100.0,0.0009212065396529388,771.0110478199999,0.11502750407332278,0.10418895726399374,0.3724988565392322,0.5645700000000033,1.008099261926604,0.09171962377910747,0.05198808751386071,0.07555238231997052,,,,,,,,
0915_项目腕表_开机长记录,项目腕表,开机长记录,0915,Uc2,100.0,0.0009212065396529388,687.26608328,0.24635918866998485,0.1107689232544151,0.38547923647775206,1.1596660000000156,-4.551006552654791,0.08717596743707758,0.061924577249731806,0.07516829919363249,,,,,,,,
0915_项目腕表_开机长记录,项目腕表,开机长记录,0915,Ut1,110.0,0.0008899896575064444,1482.8864292399999,0.5481679027831374,0.5447771602948288,2.3387158516824624,3.967290000000048,-1.264653077371198,0.4146596446113026,0.2375855524506445,0.05215953535535344,0.390554069705443,0.10109458906341032,0.18097212499138038,263.3742288042972,21.471433317766973,0.34609474329955986,33.300000000000004,"33.3,26.7,6.7,20.0,13.3"
0915_项目腕表_开机长记录,项目腕表,开机长记录,0915,Ut2,110.0,0.0008899896575064444,1327.2917173,0.5892715367600422,0.41454597483809985,1.5466295626877353,3.662109999999984,-8.700224142702517,0.4433313567688914,0.17123018778284502,0.0384122295514492,0.36335986554707217,0.0583187353159121,0.28159460651499585,273.7603654200639,60.058537495039545,0.2296407400093699,33.300000000000004,"33.3,40.2,20.2,19.8,39.8"
0915_项目腕表_开机长记录,项目腕表,开机长记录,0915,Uc1,110.0,0.0008899896575064444,771.0025027600001,0.24958216045882503,0.24919727492470112,1.0289844625755582,1.2512180000002218,0.2865505526538746,0.1034954308574136,0.1610702092549891,0.10069571643085336,,,,,,,,
0915_项目腕表_开机长记录,项目腕表,开机长记录,0915,Uc2,110.0,0.0008899896575064444,686.86828654,0.2571157558183247,0.1687496649031903,0.7422586740069275,1.0375930000000153,-4.011993281728792,0.09521854250573265,0.12323689577864283,0.08721322905056658,,,,,,,,
0915_项目腕表_开机长记录,项目腕表,开机长记录,0915,Ut1,120.0,0.0009893104043630448,1482.5158696,0.5909336589429622,0.519971160439054,2.295868996369916,4.3487599999998565,-5.832808379357398,0.44276224826269794,0.2837322777600877,0.07112299822725604,0.39726600680843044,0.10930768161661271,0.16153191110325207,267.96745650730696,16.533083249696457,0.3629431386055493,33.300000000000004,"33.3,26.7,13.3,6.7,19.9"
0915_项目腕表_开机长记录,项目腕表,开机长记录,0915,Ut2,120.0,0.0009893104043630448,1325.55343621,0.6413063603097288,0.5319256033433859,2.1881398034776733,3.3569300000001476,-7.441958436883762,0.49297519661645306,0.18387242325606068,0.04134995771850072,0.4027235015315931,0.07819593091288775,0.3304026864487887,303.8153653639595,67.30900818645777,0.23026133733931645,33.300000000000004,"33.3,26.7,39.9,20.1,46.7"
0915_项目腕表_开机长记录,项目腕表,开机长记录,0915,Uc1,120.0,0.0009893104043630448,770.9774786600002,0.2170481121805377,0.18552238910806038,0.7609299608421224,0.9307860000000119,-2.329886091808515,0.08201337897223646,0.16843387251303182,0.08086828814895368,,,,,,,,
0915_项目腕表_开机长记录,项目腕表,开机长记录,0915,Uc2,120.0,0.0009893104043630448,686.1333465600001,0.29080131822799427,0.19329806567676713,0.803419478623428,1.1825630000001865,-4.493223308730568,0.09021892643891723,0.16641961067478972,0.08055699404521235,,,,,,,,
0915_项目腕表_开机长记录,项目腕表,开机长记录,0915,Ut1,130.0,0.001027422430113021,1481.94641146,0.43229723661534114,0.4234578134753621,1.7634255881617764,3.5858100000000377,-1.8068060328829532,0.41422053488495647,0.12994767914102082,0.04998512788325094,0.3837172673879266,0.11707171788023214,0.1412969387870164,258.92789673136144,13.559473285694597,0.3567549808777387,26.700000000000003,"26.7,40.0,6.7,33.3,20.0"
0915_项目腕表_开机长记录,项目腕表,开机长记录,0915,Ut2,130.0,0.001027422430113021,1325.24253829,0.6196603073194465,0.5719542797279941,2.2519733468890304,3.4332200000001194,-4.953125905805068,0.5205244127836831,0.29442237824716455,0.043490601723632304,0.4499352170265017,0.07910482913534128,0.341778968775739,339.5116018589824,57.7019772971585,0.2926240523663043,33.300000000000004,"33.3,20.0,40.0,19.7,26.7"
0915_项目腕表_开机长记录,项目腕表,开机长记录,0915,Uc1,130.0,0.001027422430113021,770.8480849000003,0.16137438762680462,0.15649503031585618,0.4659134517998509,1.2817360000000235,0.8144920900074568,0.12807336681532633,0.0891406749333401,0.13124709369035992,,,,,,,,
0915_项目腕表_开机长记录,项目腕表,开机长记录,0915,Uc2,130.0,0.001027422430113021,686.0984034,0.11895398942177206,0.11834314768804699,0.4333537686160355,0.6179849999998623,-0.24899566516569563,0.09383772827945977,0.06220198042566612,0.06451649952547582,,,,,,,,
0915_项目腕表_开机长记录,项目腕表,开机长记录,0915,Ut1,140.0,0.0009567380959466301,1481.95747383,0.5380794607447004,0.5340215578582915,2.3650342846009265,3.662109999999984,1.3702301320362296,0.4367706443801321,0.4175342157300112,0.05322069097068464,0.42990308171485364,0.11607487602544903,0.1777906368336119,290.09137529689275,17.10317165265085,0.39141684828610385,33.300000000000004,"33.3,26.7,13.3,6.7,20.0"
0915_项目腕表_开机长记录,项目腕表,开机长记录,0915,Ut2,140.0,0.0009567380959466301,1324.3056485299999,0.4321183643697217,0.37287205296485915,1.4260347219255776,2.4414099999999053,-4.536812683169855,0.4132380778843532,0.11783435218415603,0.04804614807100235,0.34284488545460645,0.05861179893660894,0.29905937518834885,258.88652354172893,76.08858244391435,0.16764875661434717,33.300000000000004,"33.3,26.7,40.0,6.7,20.0"
0915_项目腕表_开机长记录,项目腕表,开机长记录,0915,Uc1,140.0,0.0009567380959466301,770.9481820999999,0.23364636738790504,0.22314126032427758,0.8458920264022933,1.0528520000001436,1.4326450189015454,0.09867978757505612,0.2743972034880196,0.08290391362914984,,,,,,,,
0915_项目腕表_开机长记录,项目腕表,开机长记录,0915,Uc2,140.0,0.0009567380959466301,685.76957615,0.3210596074843622,0.2604788269589948,0.9921378922277186,1.9302400000001398,-3.8818417821756084,0.18013290024276946,0.2669817593614094,0.20421394716566807,,,,,,,,
0915_项目腕表_开机长记录,项目腕表,开机长记录,0915,Ut1,150.0,0.0009377017609897252,1481.9125367000001,0.4992370574711625,0.4357799200813358,1.4766175468964033,5.111700000000155,-5.060283182041014,0.4489407338484776,0.05889919921334165,0.06451765769058512,0.38844312431793415,0.09112152028700604,0.25406752722283316,262.1228410570974,42.78026242374716,0.2938328648071093,33.300000000000004,"33.3,26.7,6.7,20.0,13.3"
0915_项目腕表_开机长记录,项目腕表,开机长记录,0915,Ut2,150.0,0.0009377017609897252,1323.4104926200002,0.3121189424129024,0.3036847583667274,1.1508101746068062,2.4414100000001326,-1.497157598437318,0.30316456999375546,0.10494306526424298,0.029322843437432865,0.22433888676336575,0.04354865952258,0.1544119457004853,169.51572321240593,47.37537601560795,0.16274178055808722,33.300000000000004,"33.3,40.0,20.0,39.8,19.8"
0915_项目腕表_开机长记录,项目腕表,开机长记录,0915,Uc1,150.0,0.0009377017609897252,771.10763616,0.1561334213077586,0.1287185494178079,0.4671168340304883,0.77819199999999,-1.8276116219630458,0.13514084464294215,0.02757212585058899,0.11026401234813166,,,,,,,,
0915_项目腕表_开机长记录,项目腕表,开机长记录,0915,Uc2,150.0,0.0009377017609897252,685.4142761899999,0.1364995110319292,0.11479406410335816,0.36193669972173537,0.7782040000000734,-1.5274121656171207,0.12767955067148642,0.039083619762790456,0.10373802761021174,,,,,,,,
0915_项目腕表_开机长记录,项目腕表,开机长记录,0915,Ut1,160.0,0.000943397628270774,1481.4395902400001,0.6759486467475031,0.6617347372502382,2.6310813033458196,6.4849799999999505,2.864562312644888,0.7148986892190409,0.1337833799486421,0.10866697068313759,0.6709226080430744,0.14183142662684042,0.4204997607988273,452.88556648764984,39.281372446081754,0.5227973767641244,33.300000000000004,"33.3,40.0,20.0,26.7,6.7"
0915_项目腕表_开机长记录,项目腕表,开机长记录,0915,Ut2,160.0,0.000943397628270774,1322.1563718500001,0.4013516846198929,0.3966759687535756,1.5234636334256997,2.593989999999849,-1.2689890106268724,0.3501059046478218,0.15616411809221115,0.060377764277457606,0.33900635511586374,0.06574280388932108,0.07706869990208129,256.4041306562824,5.1682127863335054,0.33012985975877135,20.0,"20.0,40.0,26.7,6.7,13.3"
0915_项目腕表_开机长记录,项目腕表,开机长记录,0915,Uc1,160.0,0.000943397628270774,771.0746769000001,0.2000394716068506,0.18112703684720632,0.6873231646287762,1.022335999999882,1.7559505238530375,0.17901392172496627,0.09577436987714333,0.15517706195343703,,,,,,,,
0915_项目腕表_开机长记录,项目腕表,开机长记录,0915,Uc2,160.0,0.000943397628270774,685.18569902,0.19520364069844282,0.17749942374113303,0.656290993389399,0.8697540000001709,-1.679968079207624,0.17958965178410083,0.10692433458286135,0.14362088093663875,,,,,,,,
0915_项目腕表_开机长记录,项目腕表,开机长记录,0915,Ut1,170.0,0.0009348480597538905,1482.04772968,0.7460112992967195,0.6438791918239845,2.3362074768442316,5.5694599999999355,7.82701693189849,0.719334591462926,0.07357333519167006,0.0736732797760804,0.6126393351930265,0.10464511889532313,0.41289712212206053,413.37355263538376,45.42280568284307,0.452595759557106,33.300000000000004,"33.3,40.0,20.0,6.7,26.7"
0915_项目腕表_开机长记录,项目腕表,开机长记录,0915,Ut2,170.0,0.0009348480597538905,1321.22512807,0.5077899522917176,0.29746835382057185,1.158248000179094,3.2043499999999767,-8.549375221899055,0.2062519279263244,0.1858844163796712,0.029098665983173417,0.188718291254735,0.07795053376527607,0.06843220790766501,142.83583262635048,13.149011753152164,0.17587389338667947,6.7,"6.7,26.7,13.3,33.3,46.7"
0915_项目腕表_开机长记录,项目腕表,开机长记录,0915,Uc1,170.0,0.0009348480597538905,771.5423580400001,0.26629338518000234,0.16987773837578485,0.620809944199226,1.2664780000000064,4.241147737174948,0.18824144785547492,0.04670027587018382,0.1446636364987071,,,,,,,,
0915_项目腕表_开机长记录,项目腕表,开机长记录,0915,Uc2,170.0,0.0009348480597538905,684.8835745,0.23411022917537816,0.1786279264720137,0.6104221119564783,1.1444060000000036,-3.129649735373609,0.18780823922302012,0.07464771081381155,0.1442747347362206,,,,,,,,
0915_项目腕表_开机长记录,项目腕表,开机长记录,0915,Ut1,180.0,0.000959228597890756,1482.60513359,0.6149486722759464,0.6111779374184353,2.3406896614100106,5.340570000000071,1.4125554053226357,0.6667990794871855,0.10195718064617108,0.10517743330717572,0.5901427151888584,0.13349962219218436,0.4646336341451431,398.0444299149828,61.98793772899186,0.363846135490753,33.300000000000004,"33.3,20.0,6.7,40.0,26.7"
0915_项目腕表_开机长记录,项目腕表,开机长记录,0915,Ut2,180.0,0.000959228597890756,1319.82788088,0.46985237105608835,0.22511514702200408,0.8863883218369436,2.8228699999999662,-8.567558980121547,0.18376889426886625,0.056057203550735915,0.03613350264622329,0.18135881141365134,0.06529457926926639,0.07285662128615729,137.41095641405127,16.138409544497048,0.16608109829880643,6.7,"6.7,26.7,13.3,33.3,46.7"
0915_项目腕表_开机长记录,项目腕表,开机长记录,0915,Uc1,180.0,0.000959228597890756,771.9609067600002,0.23258510831245474,0.2321326228819783,0.8568172541344462,1.4495800000001964,0.29990113411194685,0.22177413381313565,0.0894278004468974,0.1942489496178896,,,,,,,,
0915_项目腕表_开机长记录,项目腕表,开机长记录,0915,Uc2,180.0,0.000959228597890756,684.06234873,0.3492159703501406,0.19206336627947748,0.6983866197243169,1.5106169999997974,-6.031880118810405,0.2180268671134427,0.04186765744140462,0.19077639653179684,,,,,,,,
0915_项目腕表_开机长记录,项目腕表,开机长记录,0915,Ut1,190.0,0.0009950821229244655,1482.3747255100002,0.9662707720207683,0.8041603552251892,2.9771819857647235,6.103510000000142,11.12935035091183,0.8424814557880171,0.3327711635012959,0.09719291486270483,0.7072539229483559,0.13894687915201384,0.564037208564598,477.1087301863099,63.60112227586499,0.42669677627150526,33.300000000000004,"33.3,26.7,6.7,20.1,9.9"
0915_项目腕表_开机长记录,项目腕表,开机长记录,0915,Ut2,190.0,0.0009950821229244655,1318.4786228,0.6214387262516264,0.271096913363973,1.1016190918186566,2.8228800000001684,-11.616722219046629,0.2360870358615737,0.13686610715970005,0.023482219149117432,0.23151541016570965,0.08257544999105418,0.0977715267605649,175.5928432681371,17.834666236142162,0.20985736512952055,6.7,"6.7,26.7,33.3,13.3,20.0"
0915_项目腕表_开机长记录,项目腕表,开机长记录,0915,Uc1,190.0,0.0009950821229244655,771.9131467199998,0.41084386577285353,0.29600070697061703,1.088642913296678,1.4953579999997828,5.892447409541761,0.2780981077887233,0.16707948035939876,0.25156406529924014,,,,,,,,
0915_项目腕表_开机长记录,项目腕表,开机长记录,0915,Uc2,190.0,0.0009950821229244655,683.2280729199998,0.22445258567502863,0.20836255030975312,0.7046040371909839,0.930784999999787,-1.7258812313239293,0.2332254907173735,0.07300360652893041,0.1841825790235065,,,,,,,,
0915_项目腕表_开机长记录,项目腕表,开机长记录,0915,Ut1,200.0,0.0009359291420228963,1482.4282077900002,0.8447854785923311,0.7787167634193879,2.6437521728334255,4.7302199999999175,-6.803763540597744,0.8759637235448351,0.12089517334927401,0.09974307205555878,0.7365818513558049,0.12194293240184863,0.6120110881605089,496.8752263921765,69.03614830438106,0.40987223828326663,33.300000000000004,"33.3,6.7,26.7,40.0,20.0"
0915_项目腕表_开机长记录,项目腕表,开机长记录,0915,Ut2,200.0,0.0009359291420228963,1317.8134160999998,0.2791046667710849,0.2746992018907228,1.0524256633689957,2.9754599999998845,1.0261212913247817,0.2740895706902291,0.06364398679498802,0.026174711781858047,0.23308510218100764,0.07969238566484244,0.10055174461791445,176.87261287019743,18.61016347815048,0.21028079206866349,33.300000000000004,"33.3,20.0,26.7,6.7,40.0"
0915_项目腕表_开机长记录,项目腕表,开机长记录,0915,Uc1,200.0,0.0009359291420228963,772.0805359,0.2597322308914088,0.22295017679000093,0.7636958872529217,0.961306000000036,-2.7556871503133755,0.25898454679796185,0.03692733467482583,0.25264135381140057,,,,,,,,
0915_项目腕表_开机长记录,项目腕表,开机长记录,0915,Uc2,200.0,0.0009359291420228963,683.1921392599999,0.2310243723774741,0.22541948966604317,0.685654679255893,0.9841969999999947,1.0460637119729719,0.26975847705792166,0.030502418683995603,0.20661203297383243,,,,,,,,
0915_项目腕表_开机长记录,项目腕表,开机长记录,0915,Ut1,210.0,0.0009188231130604958,1481.86637902,0.7447014527768974,0.7141569656752539,2.3611162005264075,4.577640000000201,-4.385285026320798,0.8127060020741694,0.02626825109792177,0.0830390417325983,0.6712040625771369,0.13634858410739065,0.5477144349784837,452.94506446729906,66.58849830096862,0.38797395703352755,33.300000000000004,"33.3,6.7,26.7,20.0,40.0"
0915_项目腕表_开机长记录,项目腕表,开机长记录,0915,Ut2,210.0,0.0009188231130604958,1317.2930146600002,0.3791678466278679,0.2924065193611918,1.1871858102233885,2.4413999999999305,-5.014584842905481,0.27647628486526094,0.0913048343261424,0.027863620438189223,0.24610081042536705,0.07534622768598216,0.09220575314133662,186.82313478211745,14.037505884764512,0.22817473124704526,20.0,"20.0,40.0,13.3,33.3,26.7"
0915_项目腕表_开机长记录,项目腕表,开机长记录,0915,Uc1,210.0,0.0009188231130604958,771.8930050799999,0.22848127497634615,0.2195849955463293,0.6948366781056416,0.8392300000002706,-1.3057394347439906,0.24156427103079375,0.0753820441604712,0.24740600572263005,,,,,,,,
0915_项目腕表_开机长记录,项目腕表,开机长记录,0915,Uc2,210.0,0.0009188231130604958,683.02429147,0.24938593638721623,0.21539280320959406,0.6738130430051881,0.9994460000000345,-2.5995603924388573,0.2534424603824724,0.04563830684926675,0.214682872969939,,,,,,,,
0915_项目腕表_开机长记录,项目腕表,开机长记录,0915,Ut1,220.0,0.0009221998774461308,1481.0153961800002,0.7467210312017714,0.7024469245290984,2.5095991946277416,4.7302199999999175,-5.262100027550163,0.7922122329508545,0.10592011445377118,0.09098573707132958,0.657903295838339,0.13382206158880253,0.5263609128614004,444.2244810791815,64.00930898696309,0.3946909374265669,33.300000000000004,"33.3,19.9,26.7,6.7,9.9"
0915_项目腕表_开机长记录,项目腕表,开机长记录,0915,Ut2,220.0,0.0009221998774461308,1316.7088314799998,0.31725248007150325,0.2428402486968316,0.9789264432037155,2.5177000000001044,-4.241084894197373,0.23476338256656223,0.045239425768486316,0.029194748929196813,0.2181144850005214,0.08503191333897188,0.08514833562712729,165.65126608542417,15.239941872474644,0.20080759325028713,6.7,"6.7,26.7,13.3,33.3,20.0"
0915_项目腕表_开机长记录,项目腕表,开机长记录,0915,Uc1,220.0,0.0009221998774461308,771.49047922,0.2061483296696968,0.18164050281619076,0.6136721691329479,0.7476719999999659,-2.016188982899159,0.21198660131481678,0.03828341397216062,0.1969123128201592,,,,,,,,
0915_项目腕表_开机长记录,项目腕表,开机长记录,0915,Uc2,220.0,0.0009221998774461308,682.59834278,0.31695580498063064,0.24300108816884064,1.0062125232102568,1.434327000000053,-4.208636558055495,0.2712450184275121,0.06838615357317743,0.23954564462722872,,,,,,,,
0915_项目腕表_开机长记录,项目腕表,开机长记录,0915,Ut1,230.0,0.0009180743384925185,1481.4727782700002,0.792864160011373,0.7915864532427856,3.1405478276762153,5.2642799999998715,0.9347162347562279,0.8339700315032871,0.2505782874160469,0.08388228284271407,0.7379118258861138,0.11608309459865802,0.5442300370279721,498.0934086064108,54.394635921644785,0.4983247230261713,33.300000000000004,"33.3,40.0,20.0,26.7,6.7"
0915_项目腕表_开机长记录,项目腕表,开机长记录,0915,Ut2,230.0,0.0009180743384925185,1315.81970176,0.4615094708364861,0.24403047979926512,1.0062521338484656,2.2888100000000122,-8.137561702441584,0.21991766182102532,0.08699295295633833,0.03755435835778646,0.2106144816508891,0.0743193931464307,0.08874459798599746,160.06332886578429,17.754456969000277,0.19100485912504006,6.7,"6.7,33.3,26.7,13.3,20.0"
0915_项目腕表_开机长记录,项目腕表,开机长记录,0915,Uc1,230.0,0.0009180743384925185,771.95724446,0.315858704121969,0.2868111196734407,1.1028258555597397,1.5869179999999687,2.7363769360924435,0.25560474834446106,0.13007904107815213,0.2128640463482169,,,,,,,,
0915_项目腕表_开机长记录,项目腕表,开机长记录,0915,Uc2,230.0,0.0009180743384925185,682.6441957699999,0.29014067440139374,0.28839076087616733,1.0081374099514897,1.434317999999962,-0.6580410117005725,0.2584658484983056,0.14221372734857046,0.22559973973633995,,,,,,,,
0915_项目腕表_开机长记录,项目腕表,开机长记录,0915,Ut1,240.0,0.0009174829951387443,1480.9648129200002,0.7831645991841534,0.7807554775885157,3.4219651361010777,4.95911000000001,-1.2751505791514024,0.8802950723787641,0.10651335729687551,0.06847268465082944,0.7704437938500348,0.11618865417149618,0.540743672721728,520.2309920726342,49.260744424111266,0.5487986150615285,33.300000000000004,"33.3,40.0,20.0,26.7,6.7"
0915_项目腕表_开机长记录,项目腕表,开机长记录,0915,Ut2,240.0,0.0009174829951387443,1314.90249674,0.5144464018501332,0.5143813562993732,1.8204243592368414,3.0517499999998563,0.16994366065435876,0.34937264166287624,0.34470855333560846,0.03887798920058005,0.40015289817888533,0.06826542131693437,0.09350505725321222,304.3213463895406,5.460322168059632,0.38907473085390015,20.0,"20.0,40.0,26.7,13.3,6.7"
0915_项目腕表_开机长记录,项目腕表,开机长记录,0915,Uc1,240.0,0.0009174829951387443,771.7912301199999,0.215626407426978,0.21266764341608013,0.6797036116832031,0.8087159999998903,0.7362195931585516,0.23950552057318958,0.07536315310421449,0.1615256475146161,,,,,,,,
0915_项目腕表_开机长记录,项目腕表,开机长记录,0915,Uc2,240.0,0.0009174829951387443,682.2631081100001,0.2636833196185085,0.26225321902065746,0.9491082570037831,1.0299689999999373,-0.5671933789386526,0.3064189305925474,0.03727288864651867,0.25804720275866966,,,,,,,,
0915_项目腕表_开机长记录,项目腕表,开机长记录,0915,Ut1,250.0,0.0009170137482984605,1481.01142826,0.6945699124808786,0.6928982384954048,2.3979721205887357,4.882810000000063,-1.0004885852974768,0.7802905289805266,0.13034494874071328,0.08982319618862254,0.6779814542497405,0.12698324532698296,0.5543182673587653,457.7827296351673,66.84712803544029,0.3903717597098558,33.300000000000004,"33.3,26.7,6.7,20.0,40.0"
0915_项目腕表_开机长记录,项目腕表,开机长记录,0915,Ut2,250.0,0.0009170137482984605,1314.73335255,0.49636596213798606,0.35000187761724477,1.301029415094899,3.5858200000000124,-7.311755683232516,0.2633848183025384,0.19584241102406064,0.031255702276769444,0.22240510343673822,0.06944077587675304,0.08616623984798027,169.16365817096744,15.010141479232908,0.20503514124453537,26.700000000000003,"26.7,13.3,33.3,6.7,46.7"
0915_项目腕表_开机长记录,项目腕表,开机长记录,0915,Uc1,250.0,0.0009170137482984605,771.87362682,0.24939643971976191,0.2412550559286132,0.7724773260737856,1.251220000000103,1.3071242268233558,0.24252624946835347,0.10633777981522818,0.1613120821094589,,,,,,,,
0915_项目腕表_开机长记录,项目腕表,开机长记录,0915,Uc2,250.0,0.0009170137482984605,682.09617629,0.23737902295972968,0.2256459324264697,0.7637902508964655,1.1749289999999064,-1.5243672043190382,0.2361471604811545,0.08228935668392617,0.21742376850625375,,,,,,,,
0915_项目腕表_开机长记录,项目腕表,开机长记录,0915,Ut1,260.0,0.0008984148335427243,1480.71502643,0.7288386799054296,0.7288213596645172,3.050970606666675,4.577639999999974,0.10438303569780576,0.7609301980047818,0.18177796137061372,0.10901670975207779,0.6264132566965945,0.11801133274873868,0.5027966810518606,423.04781508625274,64.42626051666387,0.37361620105191795,33.300000000000004,"33.3,26.7,6.7,19.9,9.9"
0915_项目腕表_开机长记录,项目腕表,开机长记录,0915,Ut2,260.0,0.0008984148335427243,1314.19906616,0.39140720453617134,0.32381209017365,1.3902731908733754,2.5939999999998236,-4.567747612391714,0.28573150757795684,0.17186902007916208,0.03511745019894213,0.23799659316733757,0.0764943846333932,0.08320055840535133,181.09630366938805,12.221119803721486,0.22297992160797106,20.0,"20.0,40.0,26.7,13.3,6.7"
0915_项目腕表_开机长记录,项目腕表,开机长记录,0915,Uc1,260.0,0.0008984148335427243,771.80297862,0.28377398232541906,0.2830220114655348,1.186397481868715,1.5258799999999155,0.4269677551756856,0.21265752442584804,0.11001738467780041,0.14604625854142989,,,,,,,,
0915_项目腕表_开机长记录,项目腕表,开机长记录,0915,Uc2,260.0,0.0008984148335427243,681.80793809,0.2954098845117639,0.2846252716838019,1.057024298936375,1.312261000000035,-1.6357262538248947,0.2626344713848504,0.16434714638046105,0.2022525734914652,,,,,,,,
0915_项目腕表_开机长记录,项目腕表,开机长记录,0915,Ut1,270.0,0.0009024693445873837,1481.0747526500002,0.8203450230878325,0.8203252531797178,3.041088528947989,5.111689999999953,-0.11831445707884458,0.9267365228357772,0.14282153802615838,0.0893358579015424,0.8131157108365494,0.1294250712427796,0.6352851381311353,549.0038294027288,61.0425526077648,0.5075134997996914,33.300000000000004,"33.3,40.0,20.0,6.7,26.7"
0915_项目腕表_开机长记录,项目腕表,开机长记录,0915,Ut2,270.0,0.0009024693445873837,1313.2118984400001,0.407781100288039,0.40084772273471303,1.637455355753667,3.12805000000003,-1.555506636793149,0.3016763213249447,0.3394975948687476,0.04155608976759593,0.3243910249717452,0.07320290300514398,0.10622915825217681,247.021082703483,10.723827525867527,0.30650432789644816,20.0,"20.0,40.0,33.3,26.7,6.7"
0915_项目腕表_开机长记录,项目腕表,开机长记录,0915,Uc1,270.0,0.0009024693445873837,772.1308893799999,0.2353477834220632,0.22896305797724611,0.8410282482237161,0.9918199999999615,-1.126047503148034,0.2492669331789362,0.07988075495950048,0.20236961468648204,,,,,,,,
0915_项目腕表_开机长记录,项目腕表,开机长记录,0915,Uc2,270.0,0.0009024693445873837,681.5918741300001,0.26316543584550656,0.23715586938989844,0.7676420729395801,1.1749240000000327,-2.359240644465729,0.27093473180988314,0.05412377572214341,0.21517692475011826,,,,,,,,
0915_项目腕表_开机长记录,项目腕表,开机长记录,0915,Ut1,280.0,0.0009096632738148912,1480.9602353,0.9037396210342514,0.9027071598185231,3.5358003431128844,5.493159999999989,-0.8971690716510151,1.0078400823428866,0.1465607358015725,0.09324874242920639,0.8859242000302759,0.1594975683896499,0.7621230260161539,598.2093096853564,74.00431381949939,0.45169700177803396,33.300000000000004,"33.3,6.7,26.7,9.9,23.4"
0915_项目腕表_开机长记录,项目腕表,开机长记录,0915,Ut2,280.0,0.0009096632738148912,1312.5532532500001,0.29128032536216364,0.2859008308654865,1.1364786761607832,2.89917000000014,-1.157581667696485,0.307410383919443,0.08312852916709693,0.03561166457142929,0.2684768171744486,0.05423039737978949,0.16419755855553642,204.5454662579791,37.40415168584902,0.21241224805675285,33.300000000000004,"33.3,40.2,19.8,39.8,20.2"
0915_项目腕表_开机长记录,项目腕表,开机长记录,0915,Uc1,280.0,0.0009096632738148912,772.1665944,0.3253784982620056,0.3147893747097362,1.009220004635855,1.4343259999999418,-1.7027783978381432,0.32599229874050956,0.09737994697713288,0.268224987332461,,,,,,,,
0915_项目腕表_开机长记录,项目腕表,开机长记录,0915,Uc2,280.0,0.0009096632738148912,681.21551537,0.3143254890022239,0.30869743298246277,1.0577318458354985,1.365666000000033,-1.2246511791167836,0.31651473862426666,0.09249321334477568,0.2591122542806158,,,,,,,,
0915_项目腕表_开机长记录,项目腕表,开机长记录,0915,Ut1,290.0,0.0009275271003749274,1481.2408449,0.9310566417773801,0.9237433357245541,3.27763253894725,5.111689999999953,-2.4195257578429428,1.058263085748169,0.18901217300321202,0.10392639775688294,0.9193897830593069,0.10973172132210729,0.7779857855503718,620.6889218757506,71.60510366215883,0.48991396252343156,33.300000000000004,"33.3,40.0,23.4,9.9,19.8"
0915_项目腕表_开机长记录,项目腕表,开机长记录,0915,Ut2,290.0,0.0009275271003749274,1312.15988181,0.46219353584055456,0.46207765792224026,1.9171420481092754,3.356939999999895,-0.2149932802319016,0.3749763134387145,0.4157073375591286,0.047711795018197084,0.3431101602792615,0.047830288044962734,0.21566811285808715,261.4850255945744,39.50978978158548,0.26685547995702075,33.300000000000004,"33.3,20.2,40.2,39.8,19.8"
0915_项目腕表_开机长记录,项目腕表,开机长记录,0915,Uc1,290.0,0.0009275271003749274,772.4162287400001,0.30966071760898817,0.2875143500124104,0.959623074826004,1.2359619999998586,-2.378391107110331,0.3353763196230705,0.03459559097351046,0.3112686020872586,,,,,,,,
0915_项目腕表_开机长记录,项目腕表,开机长记录,0915,Uc2,290.0,0.0009275271003749274,681.2351999100001,0.2979895353521255,0.2708068740027961,0.878113093958094,1.167299999999841,-2.5716129072912848,0.31142296487715865,0.07736583106594272,0.25138939133723137,,,,,,,,
0915_项目腕表_开机长记录,项目腕表,开机长记录,0915,Ut1,300.0,0.0008867155814945047,1481.2592311800001,0.794372070621824,0.7934307079730026,3.1214507860619616,4.95911000000001,0.8031591190778052,0.8729160848206167,0.38888629964709065,0.07129394247248048,0.737721933770476,0.08193936707724772,0.6588983651288247,498.03702028765906,79.77218136367813,0.33179300172941056,33.300000000000004,"33.3,23.4,9.9,39.7,43.2"
0915_项目腕表_开机长记录,项目腕表,开机长记录,0915,Ut2,300.0,0.0008867155814945047,1311.3862612299997,0.45727746633308014,0.40882075320657096,1.6156579418276067,3.0517600000000584,-4.255840896767515,0.4595295688016752,0.08884228842636872,0.03997615882344694,0.34814480053817437,0.05888265182388994,0.2954290648901351,265.4784565240419,72.00897228459311,0.184191394369839,33.300000000000004,"33.3,26.7,6.7,40.0,19.8"
0915_项目腕表_开机长记录,项目腕表,开机长记录,0915,Uc1,300.0,0.0008867155814945047,772.42935106,0.26604829624582305,0.26040299927789706,1.011602310233613,1.2054440000000568,1.1274665922608125,0.23458539941311124,0.2187829477144184,0.2302033141466158,,,,,,,,
0915_项目腕表_开机长记录,项目腕表,开机长记录,0915,Uc2,300.0,0.0008867155814945047,680.7360836700001,0.28794597820510376,0.2712319665101219,1.0343703350128093,1.3809249999999338,-1.9993855733588297,0.22902584777512094,0.2423089968717264,0.18447450399758655,,,,,,,,
0915_项目腕表_开机长记录,项目腕表,开机长记录,0915,Ut1,310.0,0.0009272517979839062,1481.02508534,0.551092145644883,0.5173318750665011,2.3411477063745108,3.9672800000000734,-3.945477905885854,0.5225016460174581,0.09312698512724381,0.053892536363372115,0.3922330352282504,0.10935785367532216,0.2529403677936679,264.83888700521584,41.58607707189534,0.29977979295604623,33.300000000000004,"33.3,40.0,13.3,20.0,26.7"
0915_项目腕表_开机长记录,项目腕表,开机长记录,0915,Ut2,310.0,0.0009272517979839062,1310.7855220600002,0.5594371706533878,0.5586638742377862,2.291497079425977,3.4332200000001194,-0.6108553190979029,0.5665856572276848,0.17767299859224372,0.09010705334801956,0.4992352141413014,0.1027184708002901,0.35193261107607027,380.8672019482752,49.694531530594155,0.3540893055429527,33.300000000000004,"33.3,40.0,20.0,40.3,19.7"
0915_项目腕表_开机长记录,项目腕表,开机长记录,0915,Uc1,310.0,0.0009272517979839062,772.37701352,0.16462080032698423,0.14385827601308632,0.5588976042532691,0.8392300000001569,-1.6551376561659377,0.07278396132373607,0.05707845378455608,0.07930525249592153,,,,,,,,
0915_项目腕表_开机长记录,项目腕表,开机长记录,0915,Uc2,310.0,0.0009272517979839062,680.3541560499999,0.18966565544893182,0.1323932330855019,0.5089123530325962,0.9460429999999178,-2.8088051161106176,0.0995972500885907,0.10531766129916455,0.07348115953780063,,,,,,,,
0915_项目腕表_开机长记录,项目腕表,开机长记录,0915,Ut1,320.0,0.0009022234382265261,1480.78605621,0.6558052469861095,0.5816768230174784,2.0870320100281816,4.577639999999974,6.29197046881225,0.4635284927322999,0.25026138350813504,0.057983933405985656,0.44043642947060724,0.15979946058269703,0.1813608263890872,297.43420909694606,16.955886686166544,0.40136330058475017,33.300000000000004,"33.3,26.7,13.3,6.7,46.7"
0915_项目腕表_开机长记录,项目腕表,开机长记录,0915,Ut2,320.0,0.0009022234382265261,1311.09924312,0.68182320671996,0.6713180458084813,2.7019334546112246,4.119869999999992,2.476838880032806,0.5800362079443648,0.4745443985709024,0.07978962632110913,0.4796602309369637,0.08564173099360103,0.35962012816161915,365.84586060436175,56.210902540811524,0.31740715266597563,33.300000000000004,"33.3,39.9,19.8,26.7,40.2"
0915_项目腕表_开机长记录,项目腕表,开机长记录,0915,Uc1,320.0,0.0009022234382265261,772.3410031000002,0.27389529266573065,0.21280753459082416,0.6846532581009168,1.403810000000135,3.566072878488101,0.05723705112578677,0.12096725128797499,0.043365433200659546,,,,,,,,
0915_项目腕表_开机长记录,项目腕表,开机长记录,0915,Uc2,320.0,0.0009022234382265261,680.6246189499999,0.21835460054372885,0.2084052404266159,0.8563179000539547,1.2664729999997917,1.3476295769581865,0.06053230108899645,0.09589188841567213,0.07571823466578587,,,,,,,,
0915_项目腕表_开机长记录,项目腕表,开机长记录,0915,Ut1,330.0,0.0008923278189684824,1481.65771486,0.7261531749193312,0.5756472211192535,2.512465150262351,5.111689999999953,-9.195468785626051,0.5005750741752302,0.42121010388165697,0.08475491672030845,0.4502846188851306,0.14148021496118693,0.18255595780873576,303.90596584426214,16.43681992695128,0.4116182215027202,33.300000000000004,"33.3,13.3,6.7,40.0,26.7"
0915_项目腕表_开机长记录,项目腕表,开机长记录,0915,Ut2,330.0,0.0008923278189684824,1310.80825743,0.6054123959542694,0.5885433683747742,2.2828147500589857,3.2806399999999485,2.9482477590972747,0.5811530399162673,0.27123788966695644,0.0942349492891901,0.47395128415079923,0.09829478402678749,0.3971609858932171,361.5717870743649,70.22079654984988,0.2586367549914734,33.300000000000004,"33.3,6.7,26.7,13.3,34.3"
0915_项目腕表_开机长记录,项目腕表,开机长记录,0915,Uc1,330.0,0.0008923278189684824,772.8831481,0.26603862965545,0.1889455042002516,0.751501258070155,0.8850139999998419,-3.873353540953475,0.042610259270159406,0.25195974554166295,0.04954583008654434,,,,,,,,
0915_项目腕表_开机长记录,项目腕表,开机长记录,0915,Uc2,330.0,0.0008923278189684824,680.4760741199998,0.2798693837214756,0.20725544831477213,0.7935985333795201,1.0604899999999589,3.889657022501958,0.052874741631177696,0.28026716769140836,0.06178201522084264,,,,,,,,
0915_项目腕表_开机长记录,项目腕表,开机长记录,0915,Ut1,340.0,0.0012409652475935294,1481.27540571,0.6760800015948158,0.598546647580764,2.4508889971888435,4.196160000000191,6.530713284908951,0.40641407970643556,0.44982270501559196,0.15424304404258238,0.3869678405223467,0.12749698907761514,0.14335429502051758,261.23963108458315,13.723714379100732,0.35943518984331335,40.0,"40.0,20.0,6.7,26.7,33.4"
0915_项目腕表_开机长记录,项目腕表,开机长记录,0915,Ut2,340.0,0.0012409652475935294,1309.9205014300003,0.9814598542838244,0.6068261029630827,2.278059672262583,4.653929999999946,-16.02480056484123,0.5325801393308899,0.4791151180060794,0.11420530334591078,0.4613993562700476,0.09067544147804969,0.3602503284241552,352.23462474734305,60.96138176774223,0.28828643193307346,33.300000000000004,"33.3,20.0,40.0,13.3,34.3"
0915_项目腕表_开机长记录,项目腕表,开机长记录,0915,Uc1,340.0,0.0012409652475935294,772.78854352,0.3613064037512524,0.29693266493739584,1.0713797554603013,1.464845999999966,4.25723261926166,0.07467392976930617,0.2910994380528761,0.11440425590446006,,,,,,,,
0915_项目腕表_开机长记录,项目腕表,开机长记录,0915,Uc2,340.0,0.0012409652475935294,680.0756071999999,0.3716686604042573,0.18812649798602968,0.7206037813514767,1.3656610000000455,-6.629239013499202,0.07766713797912328,0.20558181372533518,0.10019457736386166,,,,,,,,
0915_项目腕表_开机长记录,项目腕表,开机长记录,0915,Ut1,350.0,0.0009155868351603711,1481.79733293,0.5679656106908628,0.48015342227085284,1.9852923125371598,3.81470000000013,-6.302422859653067,0.39730507535325305,0.18787672534800645,0.0847060350971797,0.3405143410144802,0.10754003869617418,0.13350127611827167,229.7981872738099,15.370925570298303,0.31325297398639124,26.700000000000003,"26.7,13.3,20.0,33.3,40.0"
0915_项目腕表_开机长记录,项目腕表,开机长记录,0915,Ut2,350.0,0.0009155868351603711,1309.09095772,0.5636894047983202,0.5599818301596434,2.4006066536815465,3.280640000000176,-1.340878470723241,0.4766877526412507,0.22960583714323057,0.09769030382016426,0.42478429089164593,0.08347448896215291,0.30217571488124256,324.4879879328466,50.603694050394296,0.29854904308057745,33.300000000000004,"33.3,20.0,40.0,19.6,40.4"
0915_项目腕表_开机长记录,项目腕表,开机长记录,0915,Uc1,350.0,0.0009155868351603711,773.15841648,0.2509928084162636,0.18965416177295316,0.9092408178931205,1.1138899999999694,-3.4001155427530003,0.06945189117582623,0.0795179792941402,0.09816512768800958,,,,,,,,
0915_项目腕表_开机长记录,项目腕表,开机长记录,0915,Uc2,350.0,0.0009155868351603711,679.7447194599999,0.26798439477034397,0.2551566810000548,0.9804840244511094,1.213076000000001,-1.6942021458150354,0.12027272102099776,0.1923193859584985,0.14215721537250967,,,,,,,,
0915_项目腕表_开机长记录,项目腕表,开机长记录,0915,Ut1,360.0,0.0010568749724230108,1481.4640806700002,0.5101153348900038,0.502214174443524,2.1676081870106714,4.1961599999999635,-1.8579380262928673,0.4144492714188631,0.1804983231307844,0.06639143440845269,0.3719196708131024,0.11080909443981062,0.13725186849886079,251.04872650364882,13.6187809143278,0.3456677105708572,26.700000000000003,"26.7,6.7,33.3,13.3,20.0"
0915_项目腕表_开机长记录,项目腕表,开机长记录,0915,Ut2,360.0,0.0010568749724230108,1308.6487580300002,0.4670953226025907,0.4670951320071983,1.83119061258123,2.89917000000014,-0.008765945043798455,0.4649186589230067,0.1857215043621295,0.10652790793156214,0.4270847657067941,0.07682264025231227,0.3175356350051806,326.3555351167829,55.2785675449147,0.28560902927023146,33.300000000000004,"33.3,20.0,40.0,20.4,39.6"
0915_项目腕表_开机长记录,项目腕表,开机长记录,0915,Uc1,360.0,0.0010568749724230108,773.08456414,0.18503076106545044,0.18084800359744496,0.8038113643186069,1.0223399999999856,-0.8090607452757895,0.08187016823610496,0.09690921578165616,0.08860967164704452,,,,,,,,
0915_项目腕表_开机长记录,项目腕表,开机长记录,0915,Uc2,360.0,0.0010568749724230108,679.57344027,0.18186253860119503,0.15630573110899754,0.6235262320298545,0.915529000000106,-1.9226530225014111,0.07679674843633813,0.07147612180255292,0.08389880524306881,,,,,,,,
0915_项目腕表_开机长记录,项目腕表,开机长记录,0915,Ut1,370.0,0.0008829031910350121,1481.6303252700002,0.49184413682024425,0.4762334690854102,2.010488952598945,3.738399999999956,-2.5538222221033213,0.35059635343374446,0.25646888511646887,0.04576446194968223,0.3452339151291358,0.10249138711889973,0.1171553142172061,233.00948235263962,11.515878642651824,0.3247477305633698,26.700000000000003,"26.7,6.7,13.3,33.3,40.0"
0915_项目腕表_开机长记录,项目腕表,开机长记录,0915,Ut2,370.0,0.0008829031910350121,1307.89863561,0.545925085514519,0.5377511473606015,2.051574711932522,3.5858100000000377,-1.9551959215618233,0.47880684019521674,0.32383009189312995,0.10152206093442608,0.4413743249732306,0.08452621764409966,0.3046491064194122,337.46829682055215,47.64152826116078,0.3193747277156235,33.300000000000004,"33.3,20.0,40.0,26.7,13.3"
0915_项目腕表_开机长记录,项目腕表,开机长记录,0915,Uc1,370.0,0.0008829031910350121,773.2789613799999,0.20903699349965288,0.20107692423903079,0.7164004487428909,1.0681160000000318,-1.181658174615802,0.06550504111775934,0.14274162663519935,0.05887533467731996,,,,,,,,
0915_项目腕表_开机长记录,项目腕表,开机长记录,0915,Uc2,370.0,0.0008829031910350121,679.2552954100001,0.2142286527120915,0.1694779238859389,0.6408503102711929,1.0528600000000097,-2.7100722196207814,0.062890742066497,0.13692462778968134,0.0642003199083842,,,,,,,,
0915_项目腕表_开机长记录,项目腕表,开机长记录,0915,Ut1,380.0,0.0008966008328012271,1481.5073393400003,0.4755342641740638,0.47136017799747565,2.2279206886157343,3.433219999999892,-1.3060395359660772,0.38069393140797403,0.1712792863472411,0.0696505963869923,0.37474926705201345,0.09094893424928926,0.1304452890867628,252.95134023363073,12.116444990199902,0.3513133070509743,26.700000000000003,"26.7,6.7,13.3,33.3,19.9"
0915_项目腕表_开机长记录,项目腕表,开机长记录,0915,Ut2,380.0,0.0008966008328012271,1307.28828449,0.6817470623198308,0.6717526951676375,2.59997504007764,3.662109999999984,-2.4161927431124406,0.45331863146354395,0.609334285501294,0.19268598905831213,0.39357886920032104,0.07342323408276777,0.29497631891795184,301.06509319316984,56.17081898961512,0.2605634232938656,33.300000000000004,"33.3,39.9,40.2,20.3,20.1"
0915_项目腕表_开机长记录,项目腕表,开机长记录,0915,Uc1,380.0,0.0008966008328012271,773.2984925600001,0.20348484406135292,0.20257316808090384,0.8251425054546699,1.1749319999998988,0.39791974077557357,0.1031658465016651,0.06989039521762563,0.10594281549536545,,,,,,,,
0915_项目腕表_开机长记录,项目腕表,开机长记录,0915,Uc2,380.0,0.0008966008328012271,679.03015197,0.31350589338830503,0.3115269518830062,1.1379364507119156,1.3961750000001985,-0.7273594491451879,0.1060405156799328,0.189336157017818,0.1346313089904302,,,,,,,,
0915_项目腕表_开机长记录,项目腕表,开机长记录,0915,Ut1,390.0,0.0008642176533262803,1481.37893665,0.5701816670442048,0.5660029691288189,2.2484049190665525,5.950919999999996,1.4314288929189374,0.4772254040019981,0.2581118297071712,0.12966968998877274,0.4551628149118488,0.08772136220769484,0.2683024137852591,307.2561676495529,34.746863679931295,0.36767785197844255,33.300000000000004,"33.3,26.7,6.7,19.6,19.9"
0915_项目腕表_开机长记录,项目腕表,开机长记录,0915,Ut2,390.0,0.0008642176533262803,1306.61735558,0.5142313018581022,0.4981793477097,1.9078324191624803,3.0517600000000584,2.6482997672658253,0.26296938697401356,0.5339558660567308,0.09236615168217588,0.24700736403214135,0.04949828729880139,0.09915264889693906,189.04338211740358,16.113461282614605,0.22623304379074938,33.300000000000004,"33.3,20.1,39.8,40.2,13.3"
0915_项目腕表_开机长记录,项目腕表,开机长记录,0915,Uc1,390.0,0.0008642176533262803,773.3207706800001,0.25542440815162426,0.2419891593875576,0.9780219504170474,1.1138959999999543,1.6906856093586033,0.12622368719919072,0.1523776410120307,0.1364074612685776,,,,,,,,
0915_项目腕表_开机长记录,项目腕表,开机长记录,0915,Uc2,390.0,0.0008642176533262803,678.7866977399999,0.252009907383992,0.1988388095089332,0.6897210312827552,1.0986339999999473,3.2020965256529346,0.11782141828577719,0.17052790732513493,0.10617109740473193,,,,,,,,
0915_项目腕表_开机长记录,项目腕表,开机长记录,0915,Ut1,400.0,0.0008729986254384144,1481.6523742299999,0.5571798911609465,0.55421690254775,2.251277844956109,6.484990000000153,-1.1921321370497988,0.4911485981842494,0.295173703958782,0.12356222862809436,0.4225442625864394,0.0677394771603925,0.2625852993077307,285.1844804730472,38.61858874720818,0.33104775249529683,33.300000000000004,"33.3,26.7,6.7,39.6,20.4"
0915_项目腕表_开机长记录,项目腕表,开机长记录,0915,Ut2,400.0,0.0008729986254384144,1305.7675932200002,0.5643789392618316,0.5500037646873377,2.2219261546885027,3.5858200000000124,-2.629351088550271,0.25735392562613635,0.5573977214493382,0.11828970676567778,0.19627559525743168,0.03231481227284188,0.10138516800982166,150.31434098729582,26.68186878514444,0.16806295546990532,33.300000000000004,"33.3,20.0,40.0,39.8,40.2"
0915_项目腕表_开机长记录,项目腕表,开机长记录,0915,Uc1,400.0,0.0008729986254384144,773.5499575399999,0.22270709442716033,0.22263607920729786,0.7906340574293406,1.1138879999999745,-0.11630658505632678,0.13471849175854522,0.1823185442583569,0.13672962524830765,,,,,,,,
0915_项目腕表_开机长记录,项目腕表,开机长记录,0915,Uc2,400.0,0.0008729986254384144,678.3866121500001,0.21949710743054462,0.21851665767237516,0.8002561739190088,0.9689319999999952,-0.42858576057850273,0.1160808859145222,0.24932028767435252,0.10475972029792675,,,,,,,,
0915_项目腕表_开机长记录,项目腕表,开机长记录,0915,Ut1,410.0,0.0009161391914588082,1482.00424204,0.661560315752861,0.5578680790535444,2.2017785229447093,5.111690000000181,7.387136222325294,0.39380276807723724,0.3462720791640186,0.225304962126015,0.3698048987390975,0.08532794077135046,0.17873373956751512,249.5302565598974,23.359727069646585,0.32374359217078846,33.300000000000004,"33.3,26.7,6.7,13.3,40.5"
0915_项目腕表_开机长记录,项目腕表,开机长记录,0915,Ut2,410.0,0.0009161391914588082,1305.4898068900002,0.6290629713955584,0.4296632249584555,1.6468744969841844,3.3569300000001476,9.54506664542119,0.33921891786645375,0.2585818909148878,0.17126084253520263,0.2745805593670799,0.03839386926083951,0.202334845747077,210.32761643784778,54.300245665564425,0.18562083336426724,33.300000000000004,"33.3,39.8,19.8,19.5,20.2"
0915_项目腕表_开机长记录,项目腕表,开机长记录,0915,Uc1,410.0,0.0009161391914588082,773.7677000799999,0.31987666086486005,0.2585940727564696,0.9747936694546945,1.5411399999999276,3.8939505454551324,0.12271880507835774,0.18744777021762934,0.19627391877854383,,,,,,,,
0915_项目腕表_开机长记录,项目腕表,开机长记录,0915,Uc2,410.0,0.0009161391914588082,678.2798765599999,0.33774065604410436,0.21019385146027797,0.7215251859542148,1.4877330000000484,5.467393144915804,0.1295657523776854,0.1264971189124794,0.14716276541477558,,,,,,,,
0915_项目腕表_开机长记录,项目腕表,开机长记录,0915,Ut1,420.0,0.0009297414540953255,1482.6381683399998,1.062738895248177,0.5669986489416483,2.33840225957403,6.637570000000096,18.672856471092402,0.4380628224693151,0.24380207335769236,0.1293985873441081,0.40299596561213097,0.09416561762855978,0.24028732957125884,271.8100573812528,35.551697742837725,0.3235239520455434,33.300000000000004,"33.3,26.7,6.7,13.3,39.5"
0915_项目腕表_开机长记录,项目腕表,开机长记录,0915,Ut2,420.0,0.0009297414540953255,1305.46066278,0.6483364701372091,0.5366675088720535,2.3269141260884787,3.5858099999998103,-7.557027057263775,0.2778949408800346,0.5465269602689995,0.19549905474932794,0.25461645671449273,0.03142358537412308,0.15448469985495678,195.03954732138982,36.81272839247355,0.20239569545958003,33.300000000000004,"33.3,40.2,20.2,39.8,19.8"
0915_项目腕表_开机长记录,项目腕表,开机长记录,0915,Uc1,420.0,0.0009297414540953255,774.1729730599999,0.5690664447825962,0.2590241437244103,0.9734844387923942,2.105709999999931,10.47925929792846,0.13447801889153674,0.150749512974465,0.1554245407203067,,,,,,,,
0915_项目腕表_开机长记录,项目腕表,开机长记录,0915,Uc2,420.0,0.0009297414540953255,678.3068092200001,0.2920233263363704,0.23096999838975193,0.7422732249850439,1.5411350000000539,-3.6955912511261833,0.13697082725562795,0.17963879289607282,0.1365370552063164,,,,,,,,
0915_项目腕表_开机长记录,项目腕表,开机长记录,0915,Ut1,430.0,0.0009436033742585979,1483.52729766,0.5942378914193581,0.5626829886401445,2.348037282428696,5.111699999999928,-3.969264934698184,0.5544203349010604,0.11570422017308117,0.10173580584199193,0.45738784072372074,0.08062120914726142,0.3499459274431915,308.3110377848582,58.53729599673182,0.2945190735891859,33.300000000000004,"33.3,26.7,6.7,40.0,20.0"
0915_项目腕表_开机长记录,项目腕表,开机长记录,0915,Ut2,430.0,0.0009436033742585979,1305.88027939,0.4940385554982946,0.30971190237158336,1.4027481110122206,2.822879999999941,7.996123995996744,0.21662061215153766,0.2096780271996261,0.14218730776808094,0.2204906236108094,0.057023693137027695,0.05438111707154247,168.84443933390625,6.082974519557108,0.21367922034286535,20.5,"20.5,40.5,39.5,19.5,19.8"
0915_项目腕表_开机长记录,项目腕表,开机长记录,0915,Uc1,430.0,0.0009436033742585979,774.7380059199999,0.23357425689547673,0.21302369798144438,0.8937896106407037,1.1901819999999361,-1.9813051593160433,0.16162532245813668,0.04073233544807832,0.13453917379883568,,,,,,,,
0915_项目腕表_开机长记录,项目腕表,开机长记录,0915,Uc2,430.0,0.0009436033742585979,678.6878968699999,0.31199714787031163,0.2363095335759655,1.0609436995965693,2.0217890000000125,4.213134887486307,0.1697528998461825,0.08676865726332136,0.13495333472182322,,,,,,,,
0915_项目腕表_开机长记录,项目腕表,开机长记录,0915,Ut1,440.0,0.001008116329952525,1482.6915744799999,0.6800961140758827,0.6373336246994005,2.702645420529302,5.874639999999999,-4.930830295473719,0.6649987170503608,0.23419606798802298,0.2402505394127561,0.5684050351393318,0.12348136795501258,0.42950328505308527,383.3602651574244,57.09750706646093,0.372305267355101,33.300000000000004,"33.3,6.7,26.7,20.0,40.0"
0915_项目腕表_开机长记录,项目腕表,开机长记录,0915,Ut2,440.0,0.001008116329952525,1306.44851714,0.42929670942945264,0.4054807021657582,1.638523436892325,2.89917000000014,2.929170530368474,0.2688148008664535,0.14127209286937878,0.0796302845021014,0.23289834264923562,0.06959196323513503,0.0685239570471342,178.26828963691804,8.65669412239929,0.22258954449695806,6.7,"6.7,26.7,13.3,33.3,46.7"
0915_项目腕表_开机长记录,项目腕表,开机长记录,0915,Uc1,440.0,0.001008116329952525,774.3443295400002,0.2798932750188889,0.23341927957666508,0.8460472370910304,1.8310500000000047,-3.194310545452848,0.18943419568539616,0.15965359420207606,0.18026976032725714,,,,,,,,
0915_项目腕表_开机长记录,项目腕表,开机长记录,0915,Uc2,440.0,0.001008116329952525,679.0532689199999,0.22601933237979438,0.2141395065354724,0.9513828857225965,1.1062630000001263,1.4955155643578557,0.20206295438730737,0.12741013753504246,0.19524006548966358,,,,,,,,
0915_项目腕表_开机长记录,项目腕表,开机长记录,0915,Ut1,450.0,0.0009328986176914409,1481.62750254,0.6323778731068587,0.605742656530842,2.7511223393153763,4.27245999999991,-3.772544864869835,0.5851794545743769,0.28134929593802255,0.1888627839106098,0.5147841600573113,0.09710684200686868,0.3794053785471437,347.4450623890288,54.31960662634984,0.3479285705075255,33.300000000000004,"33.3,40.0,6.7,26.7,20.0"
0915_项目腕表_开机长记录,项目腕表,开机长记录,0915,Ut2,450.0,0.0009328986176914409,1306.50528018,0.44985592331758334,0.44928656677735723,2.015872728379048,3.3569400000001224,0.47003614115616277,0.2662777552858283,0.44693879748123955,0.18035631965312737,0.23901096778174857,0.06873076293775045,0.060187964795078715,182.93915180260083,6.341378206740322,0.23130856364128505,6.7,"6.7,20.0,26.7,40.0,13.3"
0915_项目腕表_开机长记录,项目腕表,开机长记录,0915,Uc1,450.0,0.0009328986176914409,773.8676456799999,0.24446444131201744,0.22941737838444584,0.8619868038822144,1.3732880000000023,-1.7463933897387725,0.17249018691116788,0.16507253268826547,0.19237745779845247,,,,,,,,
0915_项目腕表_开机长记录,项目腕表,开机长记录,0915,Uc2,450.0,0.0009328986176914409,679.12849495,0.22105854271445305,0.2186526291434544,0.8120495487646782,1.2206969999999728,0.6726744734456035,0.181864435924205,0.15710584337373124,0.19439133750841772,,,,,,,,
0915_项目腕表_开机长记录,项目腕表,开机长记录,0915,Ut1,460.0,0.0009292316338852941,1481.4988707500002,0.6222584669683917,0.6201610314381473,2.5677429615300236,5.416870000000017,1.0604819335648203,0.5828075113232567,0.21782225232097244,0.09258525503171981,0.5290675017822365,0.131558078972051,0.34882692198876253,357.11637195808265,43.47081879298636,0.39778411222413423,33.300000000000004,"33.3,6.7,26.7,20.0,40.0"
0915_项目腕表_开机长记录,项目腕表,开机长记录,0915,Ut2,460.0,0.0009292316338852941,1306.4453893399998,0.4450871618706059,0.44420257851983913,1.8210712571505319,2.9754700000000867,0.5826608742483657,0.22848692698380688,0.35063250407350977,0.1867498283491007,0.24713735672538328,0.054478394182628155,0.06425449884471282,189.16776678299127,6.7597445857368585,0.23863828793264535,6.7,"6.7,40.2,20.5,13.3,20.2"
0915_项目腕表_开机长记录,项目腕表,开机长记录,0915,Uc1,460.0,0.0009292316338852941,773.8586422599999,0.2751968885199071,0.2740058901850321,1.0504572520000446,1.5563979999999447,0.5289360000016665,0.17891507596955028,0.1436515411600925,0.18767966424943522,,,,,,,,
0915_项目腕表_开机长记录,项目腕表,开机长记录,0915,Uc2,460.0,0.0009292316338852941,679.1266636000001,0.25934795543355865,0.25934508420840086,1.0215127702580615,1.2435899999999265,0.025238876689212753,0.18539193257191958,0.1815761160180471,0.16933132165119377,,,,,,,,
0915_项目腕表_开机长记录,项目腕表,开机长记录,0915,Ut1,470.0,0.0009262416270524607,1481.32720942,0.6765770669864862,0.5955897290948179,2.6109103720400864,5.950929999999971,-6.668150980546291,0.5463856384583281,0.2598952325570178,0.1516408858987693,0.4299031434923045,0.1143779185371211,0.30970862699925716,290.214842985723,51.89976176536333,0.29815646755822683,33.300000000000004,"33.3,26.7,6.7,20.7,40.3"
0915_项目腕表_开机长记录,项目腕表,开机长记录,0915,Ut2,470.0,0.0009262416270524607,1306.0984041399997,0.5036717865589103,0.3515071815742031,1.6011757012599162,3.2043499999999767,-7.493939141945029,0.2596528907428546,0.1998688912997948,0.09828692934542986,0.24115261253738562,0.062351628959083874,0.07728139886613451,184.6358679966174,10.269895080504154,0.22843416540198155,33.300000000000004,"33.3,20.5,40.5,39.5,19.5"
0915_项目腕表_开机长记录,项目腕表,开机长记录,0915,Uc1,470.0,0.0009262416270524607,773.8543703399998,0.27732449218497424,0.23962843371279696,0.9518094382090043,1.4343340000000353,-2.8870523348326715,0.16308872433373842,0.15647213006318855,0.18653475769777242,,,,,,,,
0915_项目腕表_开机长记录,项目腕表,开机长记录,0915,Uc2,470.0,0.0009262416270524607,679.05281113,0.307114793029649,0.2384505913718035,1.0287172514357668,1.7013539999999239,-4.00285425382674,0.1468913047517547,0.1277474434987502,0.15979816237869082,,,,,,,,
0915_项目腕表_开机长记录,项目腕表,开机长记录,0915,Ut1,480.0,0.0009273980675765955,1481.00883445,0.5746669623844356,0.5613394535467155,2.4266372206339892,5.264290000000074,-2.556169898928596,0.529370662466367,0.27755615345596346,0.25177074587020837,0.4427053102599216,0.07629092693551495,0.32466804560250534,298.92145135267094,53.783570566563654,0.30096287461576215,33.300000000000004,"33.3,6.7,26.7,20.0,40.0"
0915_项目腕表_开机长记录,项目腕表,开机长记录,0915,Ut2,480.0,0.0009273980675765955,1305.6600951,0.39602859805153445,0.3623903054582525,1.3469522990457277,2.9754599999998845,-3.3181527992587623,0.24654826896487728,0.2113339335668164,0.12695765412068646,0.19250879421634676,0.05120865336808169,0.05828131073449838,147.4417384270311,9.165527677124365,0.18347458862115099,20.0,"20.0,6.7,33.3,26.7,13.3"
0915_项目腕表_开机长记录,项目腕表,开机长记录,0915,Uc1,480.0,0.0009273980675765955,773.7266543,0.2272616587503558,0.22639817586620686,0.9446873908315205,1.2512239999998656,-0.4093296633650792,0.16231909113565318,0.19424972338913218,0.2180347356012176,,,,,,,,
0915_项目腕表_开机长记录,项目腕表,开机长记录,0915,Uc2,480.0,0.0009273980675765955,678.8405613099999,0.23210742144491092,0.23079169649030398,0.8018716155560607,1.1520360000000665,-0.510395596758215,0.16657215415363216,0.2209264948437279,0.1757930047903795,,,,,,,,
0915_项目腕表_开机长记录,项目腕表,开机长记录,0915,Ut1,490.0,0.0009026175511092233,1480.6694792800001,0.7421870086882055,0.7413624624799399,3.0810018116215017,4.882810000000063,-0.7265798518614976,0.7277358992814994,0.21720434122495247,0.18793552971656796,0.6575601420633579,0.13163622808938483,0.507823170365193,444.09650584754894,59.642256165083076,0.41773313020471287,33.300000000000004,"33.3,26.7,6.7,40.0,20.0"
0915_项目腕表_开机长记录,项目腕表,开机长记录,0915,Ut2,490.0,0.0009026175511092233,1304.3652345799999,0.7839578012678892,0.7230906698919054,2.420120934645615,3.5858100000000377,-6.291871757784112,0.2694695681903239,0.7505419089383957,0.17008533396806647,0.2687044827815584,0.07052195116908731,0.08273859779550362,206.00402069753116,9.481269455646562,0.2556490240578647,26.700000000000003,"26.7,33.3,13.3,6.7,39.4"
0915_项目腕表_开机长记录,项目腕表,开机长记录,0915,Uc1,490.0,0.0009026175511092233,773.61572284,0.29501805206948883,0.29460707532777275,1.1396147712060922,1.8005339999999705,0.3219421206099622,0.24052042008854915,0.12451381521052143,0.19700203382463824,,,,,,,,
0915_项目腕表_开机长记录,项目腕表,开机长记录,0915,Uc2,490.0,0.0009026175511092233,678.2178498,0.5244814207814751,0.5022151381836099,1.924660464495332,2.2811869999999317,-3.126987161114823,0.2805585818900606,0.37460139287428246,0.25505387574395905,,,,,,,,
0915_项目腕表_开机长记录,项目腕表,开机长记录,0915,Ut1,500.0,0.0009108708142484201,1481.81793218,0.7511632166322195,0.750744151998588,2.9844134210232194,5.0353999999999814,-0.5211790069433146,0.786909943601227,0.24464697750042677,0.21091400253116702,0.6485818478040812,0.11120685139103852,0.5226662587751659,437.6933452613235,64.94105654950599,0.3840291593602335,33.300000000000004,"33.3,26.7,6.7,40.0,20.0"
0915_项目腕表_开机长记录,项目腕表,开机长记录,0915,Ut2,500.0,0.0009108708142484201,1303.0506133699998,0.5454732804315888,0.5214053120819404,2.0501396342194367,2.8991699999999128,-3.3289099783077556,0.2771393623480074,0.284132156688597,0.1247027789232506,0.23966880796440895,0.07202772208032307,0.0793825837226771,183.92900897730152,10.970525430963525,0.2261405379683017,6.7,"6.7,33.3,13.3,26.7,46.7"
0915_项目腕表_开机长记录,项目腕表,开机长记录,0915,Uc1,500.0,0.0009108708142484201,774.31289664,0.2867120530643224,0.2797572328628476,1.070477630495065,1.647954000000027,1.2981124752479445,0.2517005496919263,0.16066228931954907,0.2014867665390894,,,,,,,,
0915_项目腕表_开机长记录,项目腕表,开机长记录,0915,Uc2,500.0,0.0009108708142484201,677.62794467,0.2787832662835603,0.2597663804322077,0.9186050863768912,1.1673030000000608,-2.092973641763447,0.2317213086766542,0.1478165687700754,0.22484642221518575,,,,,,,,
0915_项目腕表_开机长记录,项目腕表,开机长记录,0915,Ut1,510.0,0.001054695437538451,1481.6702271,0.882868483748621,0.8604332165725228,3.4244612951367674,5.416870000000017,4.108437971395139,0.9354144321627738,0.27326163910070483,0.21030855401949847,0.8173207244811289,0.14524510153028847,0.6722873776486893,551.6212106663103,67.65889367140127,0.46480409692751856,33.300000000000004,"33.3,40.0,26.7,6.7,20.0"
0915_项目腕表_开机长记录,项目腕表,开机长记录,0915,Ut2,510.0,0.001054695437538451,1302.62329052,0.536037089737733,0.5175423926111271,2.0170273346914085,2.8228699999999662,-2.899893835174626,0.2806544440610547,0.5166736675782776,0.21677513834597656,0.24602240254738567,0.06259698487592337,0.1227220889916718,188.86688449211968,24.882623480690167,0.2132283082254982,33.300000000000004,"33.3,26.7,6.7,13.3,46.7"
0915_项目腕表_开机长记录,项目腕表,开机长记录,0915,Uc1,510.0,0.001054695437538451,774.2501836400002,0.3127464361120723,0.28123950117182733,1.0242774270766573,1.602170000000001,2.829256655263786,0.2684615652069656,0.13498369728671283,0.2202792190900949,,,,,,,,
0915_项目腕表_开机长记录,项目腕表,开机长记录,0915,Uc2,510.0,0.001054695437538451,677.44270272,0.4058813830209135,0.4020173515443887,1.4151356461502242,1.8386910000001535,-1.155526682269104,0.28790058284341485,0.40209820110793154,0.2886252740451363,,,,,,,,
0915_项目腕表_开机长记录,项目腕表,开机长记录,0915,Ut1,520.0,0.0010949023524074578,1481.2441251600003,0.8496411687703506,0.8489066359165546,3.2090072135353243,4.959100000000035,-0.7337858530622188,0.9024288710066447,0.23180936703069607,0.19390176021524347,0.7370474305471874,0.1306149915774087,0.6068907972887204,497.5867367356298,67.8000838577015,0.4182373429554949,33.300000000000004,"33.3,26.7,6.7,40.0,20.0"
0915_项目腕表_开机长记录,项目腕表,开机长记录,0915,Ut2,520.0,0.0010949023524074578,1302.4582668300002,0.6236361433794321,0.5136226092638253,2.02150154067877,3.5095199999998385,-7.348141941303413,0.27020379127913907,0.3607756091434673,0.1782567793227076,0.25356865739879797,0.056952174345239664,0.09513104859244764,194.68466964085408,14.075162754217333,0.2350471178481675,33.300000000000004,"33.3,26.7,6.7,13.3,39.7"
0915_项目腕表_开机长记录,项目腕表,开机长记录,0915,Uc1,520.0,0.0010949023524074578,774.0951539399998,0.3087498077457948,0.30196989663288915,1.0628307414265747,1.5258759999999256,-1.330804169218918,0.27283215353377643,0.14624249579990853,0.23628888101507045,,,,,,,,
0915_项目腕表_开机长记录,项目腕表,开机长记录,0915,Uc2,520.0,0.0010949023524074578,677.3989866699999,0.3777458226672722,0.34639965706883313,1.3359473025186017,1.9149759999999105,-3.1159200828095686,0.2736766298329345,0.23500844586148117,0.24417924736193564,,,,,,,,
0915_项目腕表_开机长记录,项目腕表,开机长记录,0915,Ut1,530.0,0.0010417985000185934,1481.06124839,0.8411707780486373,0.8383961020192295,3.5963821515231866,5.1879899999999,1.4181743521324923,0.9069210495366398,0.23122946738858202,0.21036289696239127,0.8052292006685464,0.15305487401677428,0.6268426960053151,543.6839303869962,60.60076524080578,0.5054327849220848,33.300000000000004,"33.3,26.7,6.7,40.0,20.0"
0915_项目腕表_开机长记录,项目腕表,开机长记录,0915,Ut2,530.0,0.0010417985000185934,1301.48277271,0.6481982322649944,0.578242271319865,2.379039397400237,3.6621100000002116,-6.084998007755274,0.27564750064813354,0.447311013891675,0.2847464465469487,0.25602157230106526,0.04799827097475151,0.10403440244928634,196.71529863431599,16.51204385055461,0.23393137581463824,33.300000000000004,"33.3,26.7,6.7,13.3,39.4"
0915_项目腕表_开机长记录,项目腕表,开机长记录,0915,Uc1,530.0,0.0010417985000185934,774.01992862,0.3058761490865457,0.3058745952660939,1.1184689181817784,1.4495840000001863,0.020163636364326654,0.2735983802924067,0.14638203116603918,0.250943265506509,,,,,,,,
0915_项目腕表_开机长记录,项目腕表,开机长记录,0915,Uc2,530.0,0.0010417985000185934,676.90772987,0.4140769130955916,0.3708660858521157,1.3670954851824089,1.7013539999999239,-3.8088733933398675,0.2762453450610026,0.31029795346063826,0.24208612535521723,,,,,,,,
0915_项目腕表_开机长记录,项目腕表,开机长记录,0915,Ut1,540.0,0.0010299619387338294,1481.2612150400003,0.8862027855635181,0.8638526565304181,3.4226422928850813,5.7983399999998255,4.108570615689685,0.9428873183489898,0.171495224123114,0.25929844993611223,0.8128525607538273,0.1528289866358132,0.6730294683235031,548.7570676262369,68.55586321901067,0.455807657123306,33.300000000000004,"33.3,6.7,26.7,40.0,9.9"
0915_项目腕表_开机长记录,项目腕表,开机长记录,0915,Ut2,540.0,0.0010299619387338294,1301.05438237,0.6091165622454245,0.45701226389727606,1.817238162355221,2.822879999999941,-8.36566407106373,0.275081790765148,0.35495336181144643,0.12773496198322815,0.2365273128302248,0.04787934007673927,0.11349017674283325,181.79663819998575,23.022577789657145,0.20752144346444656,33.300000000000004,"33.3,6.7,26.7,13.3,20.3"
0915_项目腕表_开机长记录,项目腕表,开机长记录,0915,Uc1,540.0,0.0010299619387338294,774.2478942199999,0.3031565661875375,0.2950001948589925,1.0054925816257536,1.4648439999998573,1.4445653357343735,0.30134825785372565,0.11719805375588298,0.27926609065507074,,,,,,,,
0915_项目腕表_开机长记录,项目腕表,开机长记录,0915,Uc2,540.0,0.0010299619387338294,676.8070218300002,0.41074740454227676,0.35619475334297296,1.3177357303462514,1.6632080000000542,-4.23029274887569,0.29750031875040545,0.2830643014231741,0.2554581286894065,,,,,,,,
0915_项目腕表_开机长记录,项目腕表,开机长记录,0915,Ut1,550.0,0.0010373557241631626,1482.37388618,0.961156322658175,0.9428363416481365,3.514381404167465,5.416870000000017,3.8798950627758595,1.0174216375079994,0.2576970022052837,0.22898773210010426,0.8811611821796124,0.138616299447798,0.7508310748274524,594.4257318579179,72.60620931104496,0.46119163701613736,33.300000000000004,"33.3,40.0,6.7,26.7,9.9"
0915_项目腕表_开机长记录,项目腕表,开机长记录,0915,Ut2,550.0,0.0010373557241631626,1299.47433465,0.7126212593178158,0.712310767017843,2.5697247359211177,3.738399999999956,0.4369656775619195,0.34543528319553135,0.6002375296375757,0.25150619122843865,0.2944417390530632,0.06628962534304335,0.19075048528307947,226.5852669821048,41.969380114520135,0.22429933138746053,33.300000000000004,"33.3,39.4,6.7,39.7,20.3"
0915_项目腕表_开机长记录,项目腕表,开机长记录,0915,Uc1,550.0,0.0010373557241631626,774.8753355000001,0.39069438989857574,0.38138668823926897,1.3083166393473213,1.6479500000001508,1.7532097137702665,0.33094320873661776,0.177624468652572,0.3248527589679558,,,,,,,,
0915_项目腕表_开机长记录,项目腕表,开机长记录,0915,Uc2,550.0,0.0010373557241631626,675.9743505700001,0.43141687411147817,0.43109182643436295,1.721006498661088,2.2125259999999116,-0.3462872187206102,0.323962037700266,0.2477761485482776,0.28888729161152604,,,,,,,,
0915_项目腕表_开机长记录,项目腕表,开机长记录,0915,Ut1,560.0,0.0010066756942860543,1482.41767887,0.9832512479683219,0.9693467219667721,3.539437435043578,5.493159999999989,3.4230192830503823,1.0065193882715662,0.3065522525665347,0.24145614906958723,0.8329867793411638,0.11076802039573214,0.7503202185309175,561.9109858269657,81.13665168969678,0.3617824542745004,33.300000000000004,"33.3,23.4,43.2,9.9,20.0"
0915_项目腕表_开机长记录,项目腕表,开机长记录,0915,Ut2,560.0,0.0010066756942860543,1299.1129299699999,0.6222245088421947,0.600545287689058,2.4993524593689473,4.577640000000201,-3.3823537244825816,0.3803645065684471,0.4459526588344031,0.15018187469546804,0.343413498026301,0.05851149549679509,0.2379484158588898,264.34460785039784,48.00991234493068,0.2476153913166649,33.300000000000004,"33.3,40.0,6.7,26.7,40.7"
0915_项目腕表_开机长记录,项目腕表,开机长记录,0915,Uc1,560.0,0.0010066756942860543,774.9291985399999,0.37924195204559863,0.35759896626451837,1.314187915742795,1.8920920000000478,2.6117201584142316,0.30830989691169364,0.14620818145581096,0.3281065329117596,,,,,,,,
0915_项目腕表_开机长记录,项目腕表,开机长记录,0915,Uc2,560.0,0.0010066756942860543,675.7962801200001,0.37927096475651495,0.36364459693761936,1.3448260795611615,1.8539409999998497,-2.2283321980202992,0.28025208913069255,0.2917091161044409,0.2399683655850057,,,,,,,,
0915_项目腕表_开机长记录,项目腕表,开机长记录,0915,Ut1,570.0,0.0011356148164394341,1481.94038409,0.8268394588629131,0.818381017176292,3.2244458270310306,4.501350000000002,-2.4506543866909376,0.8806091984900182,0.16320184856614495,0.20429793828691997,0.760802587885212,0.09303994384499786,0.6845240870338877,513.3827217701407,80.95310425294781,0.3320351668170984,33.300000000000004,"33.3,20.0,23.4,9.9,43.2"
0915_项目腕表_开机长记录,项目腕表,开机长记录,0915,Ut2,570.0,0.0011356148164394341,1298.9218138299998,0.634530291635818,0.6185901153806926,2.354620816047981,3.7384099999999307,-2.936079397002337,0.4355479742814198,0.4551022601063386,0.20179374941401598,0.37637268426162995,0.07031483972821898,0.26813351380811706,289.7577669835706,50.75350108931691,0.2641227294861555,33.300000000000004,"33.3,40.0,26.7,6.7,19.7"
0915_项目腕表_开机长记录,项目腕表,开机长记录,0915,Uc1,570.0,0.0011356148164394341,774.68749914,0.29721678732191525,0.29468745677155056,1.0492584154240743,1.388546000000133,-0.8002205652558214,0.24466767876244555,0.11566289029842981,0.2564632281296711,,,,,,,,
0915_项目腕表_开机长记录,项目腕表,开机长记录,0915,Uc2,570.0,0.0011356148164394341,675.66390989,0.40631234533625554,0.39254991088810554,1.523116094354978,1.9378690000000915,-2.1685266786678707,0.24786588659300884,0.29289691485025116,0.23591957439271766,,,,,,,,
0915_项目腕表_开机长记录,项目腕表,开机长记录,0915,Ut1,580.0,0.0008784396312271109,1482.98446692,0.6573114145881371,0.6535950772068079,2.505900871414485,4.348749999999882,1.4500008560836648,0.5454378447007745,0.3560250239124574,0.28438753105468195,0.46059101329802743,0.10717270865761405,0.32257960524498014,310.58384195663604,49.05043825361153,0.32876508301657653,33.300000000000004,"33.3,40.0,26.7,13.3,6.7"
0915_项目腕表_开机长记录,项目腕表,开机长记录,0915,Ut2,580.0,0.0008784396312271109,1298.0112456,0.8848771087829649,0.6643113071561288,2.7496160938086796,5.0353999999999814,12.143560572766251,0.5506400067445014,0.44896789442288626,0.14963433012485666,0.47126331237900526,0.09232011910048918,0.3653056141037695,363.06566216317015,60.087679193017884,0.2977262465734248,33.300000000000004,"33.3,40.0,6.7,19.9,26.7"
0915_项目腕表_开机长记录,项目腕表,开机长记录,0915,Uc1,580.0,0.0008784396312271109,775.23590028,0.2677644737909789,0.2632943267337333,1.1147433530691553,1.327517999999941,1.0076585562547276,0.09693687559114224,0.21257148543953272,0.16864419588534124,,,,,,,,
0915_项目腕表_开机长记录,项目腕表,开机长记录,0915,Uc2,580.0,0.0008784396312271109,675.1403046099999,0.3353194371876346,0.22789161284070555,0.8656908590632851,1.17493300000001,5.087157224122042,0.1036800077045332,0.18918612141987157,0.11981002088849546,,,,,,,,
0915_项目腕表_开机长记录,项目腕表,开机长记录,0915,Ut1,590.0,0.0008558251354129383,1482.4008945900002,0.5808437975854028,0.5800816860134113,2.419922288892735,4.272460000000137,0.6179257380519431,0.36025611734117063,0.3316283167913653,0.24858342399500127,0.29447081068415837,0.0748083961047058,0.09984420604948792,198.64451765971347,11.4963832113864,0.2770274225836367,26.700000000000003,"26.7,33.3,6.7,13.3,40.0"
0915_项目腕表_开机长记录,项目腕表,开机长记录,0915,Ut2,590.0,0.0008558251354129383,1297.88825996,0.6617568496855186,0.6093342825956588,2.5360162845533067,4.348750000000109,-5.36256193607688,0.48096501516957435,0.4097042576941554,0.24648602720743604,0.40650391033251837,0.09610745546418537,0.2808173243093862,313.20408919104216,47.72196729090944,0.2939167560438587,33.300000000000004,"33.3,20.0,13.3,46.7,20.6"
0915_项目腕表_开机长记录,项目腕表,开机长记录,0915,Uc1,590.0,0.0008558251354129383,774.98794484,0.29038288487036623,0.28813789879153234,1.1304250821960942,1.3580380000000787,0.7453281008093149,0.0711003153136197,0.1854401282727308,0.1551625210219555,,,,,,,,
0915_项目腕表_开机长记录,项目腕表,开机长记录,0915,Uc2,590.0,0.0008558251354129383,675.06744387,0.275467330130348,0.2491496522342123,0.9173620667767608,1.2130709999998999,-2.430111175518503,0.07749833744098013,0.21587576025605457,0.10698763822951166,,,,,,,,
